Total Nacional;Sexo;Edad;Periodo;Total;Comunidad
Total Nacional;Hombres;18 años;2021;4;01 Andalucía
Total Nacional;Hombres;19 años;2021;16;01 Andalucía
Total Nacional;Hombres;20 años;2021;19;01 Andalucía
Total Nacional;Hombres;21 años;2021;30;01 Andalucía
Total Nacional;Hombres;22 años;2021;48;01 Andalucía
Total Nacional;Hombres;23 años;2021;72;01 Andalucía
Total Nacional;Hombres;24 años;2021;143;01 Andalucía
Total Nacional;Hombres;25 años;2021;180;01 Andalucía
Total Nacional;Hombres;26 años;2021;270;01 Andalucía
Total Nacional;Hombres;27 años;2021;483;01 Andalucía
Total Nacional;Hombres;28 años;2021;671;01 Andalucía
Total Nacional;Hombres;29 años;2021;917;01 Andalucía
Total Nacional;Hombres;30 años;2021;1;01 Andalucía
Total Nacional;Hombres;31 años;2021;1;01 Andalucía
Total Nacional;Hombres;32 años;2021;1;01 Andalucía
Total Nacional;Hombres;33 años;2021;1;01 Andalucía
Total Nacional;Hombres;34 años;2021;1;01 Andalucía
Total Nacional;Hombres;35 años;2021;1;01 Andalucía
Total Nacional;Hombres;36 años;2021;1;01 Andalucía
Total Nacional;Hombres;37 años;2021;1;01 Andalucía
Total Nacional;Hombres;38 años;2021;1;01 Andalucía
Total Nacional;Hombres;39 años;2021;851;01 Andalucía
Total Nacional;Hombres;40 años;2021;821;01 Andalucía
Total Nacional;Hombres;41 años;2021;739;01 Andalucía
Total Nacional;Hombres;42 años;2021;615;01 Andalucía
Total Nacional;Hombres;43 años;2021;539;01 Andalucía
Total Nacional;Hombres;44 años;2021;441;01 Andalucía
Total Nacional;Hombres;45 años;2021;377;01 Andalucía
Total Nacional;Hombres;46 años;2021;350;01 Andalucía
Total Nacional;Hombres;47 años;2021;275;01 Andalucía
Total Nacional;Hombres;48 años;2021;256;01 Andalucía
Total Nacional;Hombres;49 años;2021;209;01 Andalucía
Total Nacional;Hombres;50 años;2021;153;01 Andalucía
Total Nacional;Hombres;51 años;2021;147;01 Andalucía
Total Nacional;Hombres;52 años;2021;133;01 Andalucía
Total Nacional;Hombres;53 años;2021;114;01 Andalucía
Total Nacional;Hombres;54 años;2021;92;01 Andalucía
Total Nacional;Hombres;55 años;2021;85;01 Andalucía
Total Nacional;Hombres;56 años;2021;72;01 Andalucía
Total Nacional;Hombres;57 años;2021;81;01 Andalucía
Total Nacional;Hombres;58 años;2021;49;01 Andalucía
Total Nacional;Hombres;59 años;2021;46;01 Andalucía
Total Nacional;Hombres;60 y más años;2021;250;01 Andalucía
Total Nacional;Mujeres;16 años;2021;2;01 Andalucía
Total Nacional;Mujeres;17 años;2021;7;01 Andalucía
Total Nacional;Mujeres;18 años;2021;16;01 Andalucía
Total Nacional;Mujeres;19 años;2021;42;01 Andalucía
Total Nacional;Mujeres;20 años;2021;59;01 Andalucía
Total Nacional;Mujeres;21 años;2021;85;01 Andalucía
Total Nacional;Mujeres;22 años;2021;129;01 Andalucía
Total Nacional;Mujeres;23 años;2021;167;01 Andalucía
Total Nacional;Mujeres;24 años;2021;280;01 Andalucía
Total Nacional;Mujeres;25 años;2021;414;01 Andalucía
Total Nacional;Mujeres;26 años;2021;545;01 Andalucía
Total Nacional;Mujeres;27 años;2021;808;01 Andalucía
Total Nacional;Mujeres;28 años;2021;1;01 Andalucía
Total Nacional;Mujeres;29 años;2021;1;01 Andalucía
Total Nacional;Mujeres;30 años;2021;1;01 Andalucía
Total Nacional;Mujeres;31 años;2021;1;01 Andalucía
Total Nacional;Mujeres;32 años;2021;1;01 Andalucía
Total Nacional;Mujeres;33 años;2021;1;01 Andalucía
Total Nacional;Mujeres;34 años;2021;1;01 Andalucía
Total Nacional;Mujeres;35 años;2021;1;01 Andalucía
Total Nacional;Mujeres;36 años;2021;1;01 Andalucía
Total Nacional;Mujeres;37 años;2021;892;01 Andalucía
Total Nacional;Mujeres;38 años;2021;770;01 Andalucía
Total Nacional;Mujeres;39 años;2021;707;01 Andalucía
Total Nacional;Mujeres;40 años;2021;596;01 Andalucía
Total Nacional;Mujeres;41 años;2021;541;01 Andalucía
Total Nacional;Mujeres;42 años;2021;468;01 Andalucía
Total Nacional;Mujeres;43 años;2021;385;01 Andalucía
Total Nacional;Mujeres;44 años;2021;350;01 Andalucía
Total Nacional;Mujeres;45 años;2021;270;01 Andalucía
Total Nacional;Mujeres;46 años;2021;262;01 Andalucía
Total Nacional;Mujeres;47 años;2021;196;01 Andalucía
Total Nacional;Mujeres;48 años;2021;179;01 Andalucía
Total Nacional;Mujeres;49 años;2021;170;01 Andalucía
Total Nacional;Mujeres;50 años;2021;133;01 Andalucía
Total Nacional;Mujeres;51 años;2021;120;01 Andalucía
Total Nacional;Mujeres;52 años;2021;106;01 Andalucía
Total Nacional;Mujeres;53 años;2021;90;01 Andalucía
Total Nacional;Mujeres;54 años;2021;70;01 Andalucía
Total Nacional;Mujeres;55 años;2021;52;01 Andalucía
Total Nacional;Mujeres;56 años;2021;60;01 Andalucía
Total Nacional;Mujeres;57 años;2021;59;01 Andalucía
Total Nacional;Mujeres;58 años;2021;40;01 Andalucía
Total Nacional;Mujeres;59 años;2021;31;01 Andalucía
Total Nacional;Mujeres;60 y más años;2021;180;01 Andalucía
Total Nacional;Hombres;18 años;2021;1;02 Aragón
Total Nacional;Hombres;19 años;2021;1;02 Aragón
Total Nacional;Hombres;20 años;2021;3;02 Aragón
Total Nacional;Hombres;21 años;2021;8;02 Aragón
Total Nacional;Hombres;22 años;2021;10;02 Aragón
Total Nacional;Hombres;23 años;2021;15;02 Aragón
Total Nacional;Hombres;24 años;2021;24;02 Aragón
Total Nacional;Hombres;25 años;2021;29;02 Aragón
Total Nacional;Hombres;26 años;2021;41;02 Aragón
Total Nacional;Hombres;27 años;2021;65;02 Aragón
Total Nacional;Hombres;28 años;2021;106;02 Aragón
Total Nacional;Hombres;29 años;2021;126;02 Aragón
Total Nacional;Hombres;30 años;2021;166;02 Aragón
Total Nacional;Hombres;31 años;2021;225;02 Aragón
Total Nacional;Hombres;32 años;2021;222;02 Aragón
Total Nacional;Hombres;33 años;2021;223;02 Aragón
Total Nacional;Hombres;34 años;2021;210;02 Aragón
Total Nacional;Hombres;35 años;2021;222;02 Aragón
Total Nacional;Hombres;36 años;2021;183;02 Aragón
Total Nacional;Hombres;37 años;2021;192;02 Aragón
Total Nacional;Hombres;38 años;2021;145;02 Aragón
Total Nacional;Hombres;39 años;2021;146;02 Aragón
Total Nacional;Hombres;40 años;2021;122;02 Aragón
Total Nacional;Hombres;41 años;2021;108;02 Aragón
Total Nacional;Hombres;42 años;2021;91;02 Aragón
Total Nacional;Hombres;43 años;2021;88;02 Aragón
Total Nacional;Hombres;44 años;2021;78;02 Aragón
Total Nacional;Hombres;45 años;2021;78;02 Aragón
Total Nacional;Hombres;46 años;2021;52;02 Aragón
Total Nacional;Hombres;47 años;2021;46;02 Aragón
Total Nacional;Hombres;48 años;2021;43;02 Aragón
Total Nacional;Hombres;49 años;2021;28;02 Aragón
Total Nacional;Hombres;50 años;2021;32;02 Aragón
Total Nacional;Hombres;51 años;2021;25;02 Aragón
Total Nacional;Hombres;52 años;2021;16;02 Aragón
Total Nacional;Hombres;53 años;2021;21;02 Aragón
Total Nacional;Hombres;54 años;2021;15;02 Aragón
Total Nacional;Hombres;55 años;2021;16;02 Aragón
Total Nacional;Hombres;56 años;2021;10;02 Aragón
Total Nacional;Hombres;57 años;2021;6;02 Aragón
Total Nacional;Hombres;58 años;2021;8;02 Aragón
Total Nacional;Hombres;59 años;2021;13;02 Aragón
Total Nacional;Hombres;60 y más años;2021;73;02 Aragón
Total Nacional;Mujeres;18 años;2021;4;02 Aragón
Total Nacional;Mujeres;19 años;2021;9;02 Aragón
Total Nacional;Mujeres;20 años;2021;11;02 Aragón
Total Nacional;Mujeres;21 años;2021;13;02 Aragón
Total Nacional;Mujeres;22 años;2021;27;02 Aragón
Total Nacional;Mujeres;23 años;2021;27;02 Aragón
Total Nacional;Mujeres;24 años;2021;35;02 Aragón
Total Nacional;Mujeres;25 años;2021;61;02 Aragón
Total Nacional;Mujeres;26 años;2021;84;02 Aragón
Total Nacional;Mujeres;27 años;2021;109;02 Aragón
Total Nacional;Mujeres;28 años;2021;151;02 Aragón
Total Nacional;Mujeres;29 años;2021;216;02 Aragón
Total Nacional;Mujeres;30 años;2021;266;02 Aragón
Total Nacional;Mujeres;31 años;2021;261;02 Aragón
Total Nacional;Mujeres;32 años;2021;244;02 Aragón
Total Nacional;Mujeres;33 años;2021;233;02 Aragón
Total Nacional;Mujeres;34 años;2021;215;02 Aragón
Total Nacional;Mujeres;35 años;2021;171;02 Aragón
Total Nacional;Mujeres;36 años;2021;154;02 Aragón
Total Nacional;Mujeres;37 años;2021;111;02 Aragón
Total Nacional;Mujeres;38 años;2021;114;02 Aragón
Total Nacional;Mujeres;39 años;2021;98;02 Aragón
Total Nacional;Mujeres;40 años;2021;94;02 Aragón
Total Nacional;Mujeres;41 años;2021;98;02 Aragón
Total Nacional;Mujeres;42 años;2021;71;02 Aragón
Total Nacional;Mujeres;43 años;2021;52;02 Aragón
Total Nacional;Mujeres;44 años;2021;55;02 Aragón
Total Nacional;Mujeres;45 años;2021;57;02 Aragón
Total Nacional;Mujeres;46 años;2021;42;02 Aragón
Total Nacional;Mujeres;47 años;2021;32;02 Aragón
Total Nacional;Mujeres;48 años;2021;26;02 Aragón
Total Nacional;Mujeres;49 años;2021;33;02 Aragón
Total Nacional;Mujeres;50 años;2021;24;02 Aragón
Total Nacional;Mujeres;51 años;2021;13;02 Aragón
Total Nacional;Mujeres;52 años;2021;15;02 Aragón
Total Nacional;Mujeres;53 años;2021;12;02 Aragón
Total Nacional;Mujeres;54 años;2021;10;02 Aragón
Total Nacional;Mujeres;55 años;2021;10;02 Aragón
Total Nacional;Mujeres;56 años;2021;13;02 Aragón
Total Nacional;Mujeres;57 años;2021;10;02 Aragón
Total Nacional;Mujeres;58 años;2021;8;02 Aragón
Total Nacional;Mujeres;59 años;2021;10;02 Aragón
Total Nacional;Mujeres;60 y más años;2021;38;02 Aragón
Total Nacional;Hombres;20 años;2021;7;03 Asturias, Principado de
Total Nacional;Hombres;21 años;2021;4;03 Asturias, Principado de
Total Nacional;Hombres;22 años;2021;10;03 Asturias, Principado de
Total Nacional;Hombres;23 años;2021;6;03 Asturias, Principado de
Total Nacional;Hombres;24 años;2021;6;03 Asturias, Principado de
Total Nacional;Hombres;25 años;2021;14;03 Asturias, Principado de
Total Nacional;Hombres;26 años;2021;23;03 Asturias, Principado de
Total Nacional;Hombres;27 años;2021;30;03 Asturias, Principado de
Total Nacional;Hombres;28 años;2021;46;03 Asturias, Principado de
Total Nacional;Hombres;29 años;2021;64;03 Asturias, Principado de
Total Nacional;Hombres;30 años;2021;90;03 Asturias, Principado de
Total Nacional;Hombres;31 años;2021;102;03 Asturias, Principado de
Total Nacional;Hombres;32 años;2021;111;03 Asturias, Principado de
Total Nacional;Hombres;33 años;2021;126;03 Asturias, Principado de
Total Nacional;Hombres;34 años;2021;157;03 Asturias, Principado de
Total Nacional;Hombres;35 años;2021;128;03 Asturias, Principado de
Total Nacional;Hombres;36 años;2021;109;03 Asturias, Principado de
Total Nacional;Hombres;37 años;2021;113;03 Asturias, Principado de
Total Nacional;Hombres;38 años;2021;114;03 Asturias, Principado de
Total Nacional;Hombres;39 años;2021;89;03 Asturias, Principado de
Total Nacional;Hombres;40 años;2021;88;03 Asturias, Principado de
Total Nacional;Hombres;41 años;2021;89;03 Asturias, Principado de
Total Nacional;Hombres;42 años;2021;78;03 Asturias, Principado de
Total Nacional;Hombres;43 años;2021;60;03 Asturias, Principado de
Total Nacional;Hombres;44 años;2021;53;03 Asturias, Principado de
Total Nacional;Hombres;45 años;2021;51;03 Asturias, Principado de
Total Nacional;Hombres;46 años;2021;32;03 Asturias, Principado de
Total Nacional;Hombres;47 años;2021;42;03 Asturias, Principado de
Total Nacional;Hombres;48 años;2021;35;03 Asturias, Principado de
Total Nacional;Hombres;49 años;2021;34;03 Asturias, Principado de
Total Nacional;Hombres;50 años;2021;24;03 Asturias, Principado de
Total Nacional;Hombres;51 años;2021;20;03 Asturias, Principado de
Total Nacional;Hombres;52 años;2021;23;03 Asturias, Principado de
Total Nacional;Hombres;53 años;2021;25;03 Asturias, Principado de
Total Nacional;Hombres;54 años;2021;17;03 Asturias, Principado de
Total Nacional;Hombres;55 años;2021;13;03 Asturias, Principado de
Total Nacional;Hombres;56 años;2021;11;03 Asturias, Principado de
Total Nacional;Hombres;57 años;2021;15;03 Asturias, Principado de
Total Nacional;Hombres;58 años;2021;16;03 Asturias, Principado de
Total Nacional;Hombres;59 años;2021;10;03 Asturias, Principado de
Total Nacional;Hombres;60 y más años;2021;58;03 Asturias, Principado de
Total Nacional;Mujeres;18 años;2021;2;03 Asturias, Principado de
Total Nacional;Mujeres;19 años;2021;8;03 Asturias, Principado de
Total Nacional;Mujeres;20 años;2021;7;03 Asturias, Principado de
Total Nacional;Mujeres;21 años;2021;10;03 Asturias, Principado de
Total Nacional;Mujeres;22 años;2021;8;03 Asturias, Principado de
Total Nacional;Mujeres;23 años;2021;15;03 Asturias, Principado de
Total Nacional;Mujeres;24 años;2021;14;03 Asturias, Principado de
Total Nacional;Mujeres;25 años;2021;32;03 Asturias, Principado de
Total Nacional;Mujeres;26 años;2021;49;03 Asturias, Principado de
Total Nacional;Mujeres;27 años;2021;50;03 Asturias, Principado de
Total Nacional;Mujeres;28 años;2021;76;03 Asturias, Principado de
Total Nacional;Mujeres;29 años;2021;109;03 Asturias, Principado de
Total Nacional;Mujeres;30 años;2021;138;03 Asturias, Principado de
Total Nacional;Mujeres;31 años;2021;151;03 Asturias, Principado de
Total Nacional;Mujeres;32 años;2021;144;03 Asturias, Principado de
Total Nacional;Mujeres;33 años;2021;143;03 Asturias, Principado de
Total Nacional;Mujeres;34 años;2021;138;03 Asturias, Principado de
Total Nacional;Mujeres;35 años;2021;126;03 Asturias, Principado de
Total Nacional;Mujeres;36 años;2021;109;03 Asturias, Principado de
Total Nacional;Mujeres;37 años;2021;91;03 Asturias, Principado de
Total Nacional;Mujeres;38 años;2021;82;03 Asturias, Principado de
Total Nacional;Mujeres;39 años;2021;82;03 Asturias, Principado de
Total Nacional;Mujeres;40 años;2021;64;03 Asturias, Principado de
Total Nacional;Mujeres;41 años;2021;70;03 Asturias, Principado de
Total Nacional;Mujeres;42 años;2021;43;03 Asturias, Principado de
Total Nacional;Mujeres;43 años;2021;43;03 Asturias, Principado de
Total Nacional;Mujeres;44 años;2021;44;03 Asturias, Principado de
Total Nacional;Mujeres;45 años;2021;36;03 Asturias, Principado de
Total Nacional;Mujeres;46 años;2021;33;03 Asturias, Principado de
Total Nacional;Mujeres;47 años;2021;26;03 Asturias, Principado de
Total Nacional;Mujeres;48 años;2021;27;03 Asturias, Principado de
Total Nacional;Mujeres;49 años;2021;17;03 Asturias, Principado de
Total Nacional;Mujeres;50 años;2021;27;03 Asturias, Principado de
Total Nacional;Mujeres;51 años;2021;19;03 Asturias, Principado de
Total Nacional;Mujeres;52 años;2021;13;03 Asturias, Principado de
Total Nacional;Mujeres;53 años;2021;11;03 Asturias, Principado de
Total Nacional;Mujeres;54 años;2021;11;03 Asturias, Principado de
Total Nacional;Mujeres;55 años;2021;13;03 Asturias, Principado de
Total Nacional;Mujeres;56 años;2021;12;03 Asturias, Principado de
Total Nacional;Mujeres;57 años;2021;7;03 Asturias, Principado de
Total Nacional;Mujeres;58 años;2021;7;03 Asturias, Principado de
Total Nacional;Mujeres;59 años;2021;8;03 Asturias, Principado de
Total Nacional;Mujeres;60 y más años;2021;43;03 Asturias, Principado de
Total Nacional;Hombres;19 años;2021;2;04 Balears, Illes
Total Nacional;Hombres;20 años;2021;4;04 Balears, Illes
Total Nacional;Hombres;21 años;2021;9;04 Balears, Illes
Total Nacional;Hombres;22 años;2021;17;04 Balears, Illes
Total Nacional;Hombres;23 años;2021;26;04 Balears, Illes
Total Nacional;Hombres;24 años;2021;29;04 Balears, Illes
Total Nacional;Hombres;25 años;2021;35;04 Balears, Illes
Total Nacional;Hombres;26 años;2021;53;04 Balears, Illes
Total Nacional;Hombres;27 años;2021;75;04 Balears, Illes
Total Nacional;Hombres;28 años;2021;107;04 Balears, Illes
Total Nacional;Hombres;29 años;2021;132;04 Balears, Illes
Total Nacional;Hombres;30 años;2021;155;04 Balears, Illes
Total Nacional;Hombres;31 años;2021;170;04 Balears, Illes
Total Nacional;Hombres;32 años;2021;185;04 Balears, Illes
Total Nacional;Hombres;33 años;2021;191;04 Balears, Illes
Total Nacional;Hombres;34 años;2021;152;04 Balears, Illes
Total Nacional;Hombres;35 años;2021;166;04 Balears, Illes
Total Nacional;Hombres;36 años;2021;186;04 Balears, Illes
Total Nacional;Hombres;37 años;2021;136;04 Balears, Illes
Total Nacional;Hombres;38 años;2021;132;04 Balears, Illes
Total Nacional;Hombres;39 años;2021;118;04 Balears, Illes
Total Nacional;Hombres;40 años;2021;128;04 Balears, Illes
Total Nacional;Hombres;41 años;2021;102;04 Balears, Illes
Total Nacional;Hombres;42 años;2021;110;04 Balears, Illes
Total Nacional;Hombres;43 años;2021;97;04 Balears, Illes
Total Nacional;Hombres;44 años;2021;88;04 Balears, Illes
Total Nacional;Hombres;45 años;2021;73;04 Balears, Illes
Total Nacional;Hombres;46 años;2021;68;04 Balears, Illes
Total Nacional;Hombres;47 años;2021;48;04 Balears, Illes
Total Nacional;Hombres;48 años;2021;61;04 Balears, Illes
Total Nacional;Hombres;49 años;2021;33;04 Balears, Illes
Total Nacional;Hombres;50 años;2021;45;04 Balears, Illes
Total Nacional;Hombres;51 años;2021;33;04 Balears, Illes
Total Nacional;Hombres;52 años;2021;29;04 Balears, Illes
Total Nacional;Hombres;53 años;2021;26;04 Balears, Illes
Total Nacional;Hombres;54 años;2021;21;04 Balears, Illes
Total Nacional;Hombres;55 años;2021;22;04 Balears, Illes
Total Nacional;Hombres;56 años;2021;15;04 Balears, Illes
Total Nacional;Hombres;57 años;2021;7;04 Balears, Illes
Total Nacional;Hombres;58 años;2021;15;04 Balears, Illes
Total Nacional;Hombres;59 años;2021;4;04 Balears, Illes
Total Nacional;Hombres;60 y más años;2021;74;04 Balears, Illes
Total Nacional;Mujeres;17 años;2021;1;04 Balears, Illes
Total Nacional;Mujeres;18 años;2021;7;04 Balears, Illes
Total Nacional;Mujeres;19 años;2021;7;04 Balears, Illes
Total Nacional;Mujeres;20 años;2021;21;04 Balears, Illes
Total Nacional;Mujeres;21 años;2021;31;04 Balears, Illes
Total Nacional;Mujeres;22 años;2021;31;04 Balears, Illes
Total Nacional;Mujeres;23 años;2021;32;04 Balears, Illes
Total Nacional;Mujeres;24 años;2021;45;04 Balears, Illes
Total Nacional;Mujeres;25 años;2021;68;04 Balears, Illes
Total Nacional;Mujeres;26 años;2021;79;04 Balears, Illes
Total Nacional;Mujeres;27 años;2021;115;04 Balears, Illes
Total Nacional;Mujeres;28 años;2021;157;04 Balears, Illes
Total Nacional;Mujeres;29 años;2021;199;04 Balears, Illes
Total Nacional;Mujeres;30 años;2021;214;04 Balears, Illes
Total Nacional;Mujeres;31 años;2021;207;04 Balears, Illes
Total Nacional;Mujeres;32 años;2021;178;04 Balears, Illes
Total Nacional;Mujeres;33 años;2021;182;04 Balears, Illes
Total Nacional;Mujeres;34 años;2021;166;04 Balears, Illes
Total Nacional;Mujeres;35 años;2021;169;04 Balears, Illes
Total Nacional;Mujeres;36 años;2021;131;04 Balears, Illes
Total Nacional;Mujeres;37 años;2021;132;04 Balears, Illes
Total Nacional;Mujeres;38 años;2021;127;04 Balears, Illes
Total Nacional;Mujeres;39 años;2021;122;04 Balears, Illes
Total Nacional;Mujeres;40 años;2021;110;04 Balears, Illes
Total Nacional;Mujeres;41 años;2021;76;04 Balears, Illes
Total Nacional;Mujeres;42 años;2021;74;04 Balears, Illes
Total Nacional;Mujeres;43 años;2021;77;04 Balears, Illes
Total Nacional;Mujeres;44 años;2021;60;04 Balears, Illes
Total Nacional;Mujeres;45 años;2021;63;04 Balears, Illes
Total Nacional;Mujeres;46 años;2021;47;04 Balears, Illes
Total Nacional;Mujeres;47 años;2021;48;04 Balears, Illes
Total Nacional;Mujeres;48 años;2021;36;04 Balears, Illes
Total Nacional;Mujeres;49 años;2021;37;04 Balears, Illes
Total Nacional;Mujeres;50 años;2021;29;04 Balears, Illes
Total Nacional;Mujeres;51 años;2021;25;04 Balears, Illes
Total Nacional;Mujeres;52 años;2021;23;04 Balears, Illes
Total Nacional;Mujeres;53 años;2021;23;04 Balears, Illes
Total Nacional;Mujeres;54 años;2021;21;04 Balears, Illes
Total Nacional;Mujeres;55 años;2021;12;04 Balears, Illes
Total Nacional;Mujeres;56 años;2021;15;04 Balears, Illes
Total Nacional;Mujeres;57 años;2021;9;04 Balears, Illes
Total Nacional;Mujeres;58 años;2021;7;04 Balears, Illes
Total Nacional;Mujeres;59 años;2021;11;04 Balears, Illes
Total Nacional;Mujeres;60 y más años;2021;51;04 Balears, Illes
Total Nacional;Hombres;18 años;2021;4;05 Canarias
Total Nacional;Hombres;19 años;2021;3;05 Canarias
Total Nacional;Hombres;20 años;2021;9;05 Canarias
Total Nacional;Hombres;21 años;2021;22;05 Canarias
Total Nacional;Hombres;22 años;2021;25;05 Canarias
Total Nacional;Hombres;23 años;2021;33;05 Canarias
Total Nacional;Hombres;24 años;2021;57;05 Canarias
Total Nacional;Hombres;25 años;2021;55;05 Canarias
Total Nacional;Hombres;26 años;2021;71;05 Canarias
Total Nacional;Hombres;27 años;2021;76;05 Canarias
Total Nacional;Hombres;28 años;2021;120;05 Canarias
Total Nacional;Hombres;29 años;2021;133;05 Canarias
Total Nacional;Hombres;30 años;2021;166;05 Canarias
Total Nacional;Hombres;31 años;2021;201;05 Canarias
Total Nacional;Hombres;32 años;2021;221;05 Canarias
Total Nacional;Hombres;33 años;2021;242;05 Canarias
Total Nacional;Hombres;34 años;2021;219;05 Canarias
Total Nacional;Hombres;35 años;2021;224;05 Canarias
Total Nacional;Hombres;36 años;2021;235;05 Canarias
Total Nacional;Hombres;37 años;2021;220;05 Canarias
Total Nacional;Hombres;38 años;2021;209;05 Canarias
Total Nacional;Hombres;39 años;2021;201;05 Canarias
Total Nacional;Hombres;40 años;2021;201;05 Canarias
Total Nacional;Hombres;41 años;2021;197;05 Canarias
Total Nacional;Hombres;42 años;2021;197;05 Canarias
Total Nacional;Hombres;43 años;2021;189;05 Canarias
Total Nacional;Hombres;44 años;2021;153;05 Canarias
Total Nacional;Hombres;45 años;2021;147;05 Canarias
Total Nacional;Hombres;46 años;2021;142;05 Canarias
Total Nacional;Hombres;47 años;2021;120;05 Canarias
Total Nacional;Hombres;48 años;2021;82;05 Canarias
Total Nacional;Hombres;49 años;2021;99;05 Canarias
Total Nacional;Hombres;50 años;2021;71;05 Canarias
Total Nacional;Hombres;51 años;2021;73;05 Canarias
Total Nacional;Hombres;52 años;2021;62;05 Canarias
Total Nacional;Hombres;53 años;2021;60;05 Canarias
Total Nacional;Hombres;54 años;2021;41;05 Canarias
Total Nacional;Hombres;55 años;2021;36;05 Canarias
Total Nacional;Hombres;56 años;2021;37;05 Canarias
Total Nacional;Hombres;57 años;2021;28;05 Canarias
Total Nacional;Hombres;58 años;2021;33;05 Canarias
Total Nacional;Hombres;59 años;2021;14;05 Canarias
Total Nacional;Hombres;60 y más años;2021;114;05 Canarias
Total Nacional;Mujeres;18 años;2021;8;05 Canarias
Total Nacional;Mujeres;19 años;2021;19;05 Canarias
Total Nacional;Mujeres;20 años;2021;18;05 Canarias
Total Nacional;Mujeres;21 años;2021;32;05 Canarias
Total Nacional;Mujeres;22 años;2021;53;05 Canarias
Total Nacional;Mujeres;23 años;2021;59;05 Canarias
Total Nacional;Mujeres;24 años;2021;81;05 Canarias
Total Nacional;Mujeres;25 años;2021;98;05 Canarias
Total Nacional;Mujeres;26 años;2021;93;05 Canarias
Total Nacional;Mujeres;27 años;2021;140;05 Canarias
Total Nacional;Mujeres;28 años;2021;165;05 Canarias
Total Nacional;Mujeres;29 años;2021;216;05 Canarias
Total Nacional;Mujeres;30 años;2021;229;05 Canarias
Total Nacional;Mujeres;31 años;2021;277;05 Canarias
Total Nacional;Mujeres;32 años;2021;271;05 Canarias
Total Nacional;Mujeres;33 años;2021;278;05 Canarias
Total Nacional;Mujeres;34 años;2021;238;05 Canarias
Total Nacional;Mujeres;35 años;2021;202;05 Canarias
Total Nacional;Mujeres;36 años;2021;221;05 Canarias
Total Nacional;Mujeres;37 años;2021;209;05 Canarias
Total Nacional;Mujeres;38 años;2021;203;05 Canarias
Total Nacional;Mujeres;39 años;2021;201;05 Canarias
Total Nacional;Mujeres;40 años;2021;206;05 Canarias
Total Nacional;Mujeres;41 años;2021;180;05 Canarias
Total Nacional;Mujeres;42 años;2021;161;05 Canarias
Total Nacional;Mujeres;43 años;2021;154;05 Canarias
Total Nacional;Mujeres;44 años;2021;142;05 Canarias
Total Nacional;Mujeres;45 años;2021;108;05 Canarias
Total Nacional;Mujeres;46 años;2021;98;05 Canarias
Total Nacional;Mujeres;47 años;2021;99;05 Canarias
Total Nacional;Mujeres;48 años;2021;85;05 Canarias
Total Nacional;Mujeres;49 años;2021;63;05 Canarias
Total Nacional;Mujeres;50 años;2021;65;05 Canarias
Total Nacional;Mujeres;51 años;2021;56;05 Canarias
Total Nacional;Mujeres;52 años;2021;36;05 Canarias
Total Nacional;Mujeres;53 años;2021;29;05 Canarias
Total Nacional;Mujeres;54 años;2021;34;05 Canarias
Total Nacional;Mujeres;55 años;2021;32;05 Canarias
Total Nacional;Mujeres;56 años;2021;24;05 Canarias
Total Nacional;Mujeres;57 años;2021;26;05 Canarias
Total Nacional;Mujeres;58 años;2021;19;05 Canarias
Total Nacional;Mujeres;59 años;2021;14;05 Canarias
Total Nacional;Mujeres;60 y más años;2021;83;05 Canarias
Total Nacional;Hombres;19 años;2021;1;06 Cantabria
Total Nacional;Hombres;21 años;2021;2;06 Cantabria
Total Nacional;Hombres;22 años;2021;3;06 Cantabria
Total Nacional;Hombres;23 años;2021;6;06 Cantabria
Total Nacional;Hombres;24 años;2021;2;06 Cantabria
Total Nacional;Hombres;25 años;2021;8;06 Cantabria
Total Nacional;Hombres;26 años;2021;18;06 Cantabria
Total Nacional;Hombres;27 años;2021;26;06 Cantabria
Total Nacional;Hombres;28 años;2021;33;06 Cantabria
Total Nacional;Hombres;29 años;2021;60;06 Cantabria
Total Nacional;Hombres;30 años;2021;76;06 Cantabria
Total Nacional;Hombres;31 años;2021;82;06 Cantabria
Total Nacional;Hombres;32 años;2021;78;06 Cantabria
Total Nacional;Hombres;33 años;2021;85;06 Cantabria
Total Nacional;Hombres;34 años;2021;104;06 Cantabria
Total Nacional;Hombres;35 años;2021;81;06 Cantabria
Total Nacional;Hombres;36 años;2021;67;06 Cantabria
Total Nacional;Hombres;37 años;2021;69;06 Cantabria
Total Nacional;Hombres;38 años;2021;81;06 Cantabria
Total Nacional;Hombres;39 años;2021;66;06 Cantabria
Total Nacional;Hombres;40 años;2021;56;06 Cantabria
Total Nacional;Hombres;41 años;2021;50;06 Cantabria
Total Nacional;Hombres;42 años;2021;37;06 Cantabria
Total Nacional;Hombres;43 años;2021;60;06 Cantabria
Total Nacional;Hombres;44 años;2021;36;06 Cantabria
Total Nacional;Hombres;45 años;2021;38;06 Cantabria
Total Nacional;Hombres;46 años;2021;31;06 Cantabria
Total Nacional;Hombres;47 años;2021;26;06 Cantabria
Total Nacional;Hombres;48 años;2021;28;06 Cantabria
Total Nacional;Hombres;49 años;2021;20;06 Cantabria
Total Nacional;Hombres;50 años;2021;14;06 Cantabria
Total Nacional;Hombres;51 años;2021;14;06 Cantabria
Total Nacional;Hombres;52 años;2021;9;06 Cantabria
Total Nacional;Hombres;53 años;2021;12;06 Cantabria
Total Nacional;Hombres;54 años;2021;6;06 Cantabria
Total Nacional;Hombres;55 años;2021;5;06 Cantabria
Total Nacional;Hombres;56 años;2021;12;06 Cantabria
Total Nacional;Hombres;57 años;2021;8;06 Cantabria
Total Nacional;Hombres;58 años;2021;9;06 Cantabria
Total Nacional;Hombres;59 años;2021;5;06 Cantabria
Total Nacional;Hombres;60 y más años;2021;23;06 Cantabria
Total Nacional;Mujeres;18 años;2021;2;06 Cantabria
Total Nacional;Mujeres;20 años;2021;7;06 Cantabria
Total Nacional;Mujeres;21 años;2021;5;06 Cantabria
Total Nacional;Mujeres;22 años;2021;7;06 Cantabria
Total Nacional;Mujeres;23 años;2021;10;06 Cantabria
Total Nacional;Mujeres;24 años;2021;14;06 Cantabria
Total Nacional;Mujeres;25 años;2021;26;06 Cantabria
Total Nacional;Mujeres;26 años;2021;36;06 Cantabria
Total Nacional;Mujeres;27 años;2021;47;06 Cantabria
Total Nacional;Mujeres;28 años;2021;67;06 Cantabria
Total Nacional;Mujeres;29 años;2021;89;06 Cantabria
Total Nacional;Mujeres;30 años;2021;106;06 Cantabria
Total Nacional;Mujeres;31 años;2021;100;06 Cantabria
Total Nacional;Mujeres;32 años;2021;88;06 Cantabria
Total Nacional;Mujeres;33 años;2021;97;06 Cantabria
Total Nacional;Mujeres;34 años;2021;82;06 Cantabria
Total Nacional;Mujeres;35 años;2021;79;06 Cantabria
Total Nacional;Mujeres;36 años;2021;69;06 Cantabria
Total Nacional;Mujeres;37 años;2021;52;06 Cantabria
Total Nacional;Mujeres;38 años;2021;52;06 Cantabria
Total Nacional;Mujeres;39 años;2021;51;06 Cantabria
Total Nacional;Mujeres;40 años;2021;47;06 Cantabria
Total Nacional;Mujeres;41 años;2021;46;06 Cantabria
Total Nacional;Mujeres;42 años;2021;33;06 Cantabria
Total Nacional;Mujeres;43 años;2021;36;06 Cantabria
Total Nacional;Mujeres;44 años;2021;22;06 Cantabria
Total Nacional;Mujeres;45 años;2021;27;06 Cantabria
Total Nacional;Mujeres;46 años;2021;28;06 Cantabria
Total Nacional;Mujeres;47 años;2021;17;06 Cantabria
Total Nacional;Mujeres;48 años;2021;14;06 Cantabria
Total Nacional;Mujeres;49 años;2021;18;06 Cantabria
Total Nacional;Mujeres;50 años;2021;11;06 Cantabria
Total Nacional;Mujeres;51 años;2021;16;06 Cantabria
Total Nacional;Mujeres;52 años;2021;5;06 Cantabria
Total Nacional;Mujeres;53 años;2021;7;06 Cantabria
Total Nacional;Mujeres;54 años;2021;8;06 Cantabria
Total Nacional;Mujeres;55 años;2021;10;06 Cantabria
Total Nacional;Mujeres;56 años;2021;5;06 Cantabria
Total Nacional;Mujeres;57 años;2021;6;06 Cantabria
Total Nacional;Mujeres;58 años;2021;6;06 Cantabria
Total Nacional;Mujeres;59 años;2021;7;06 Cantabria
Total Nacional;Mujeres;60 y más años;2021;21;06 Cantabria
Total Nacional;Hombres;18 años;2021;3;07 Castilla y León
Total Nacional;Hombres;19 años;2021;6;07 Castilla y León
Total Nacional;Hombres;20 años;2021;11;07 Castilla y León
Total Nacional;Hombres;21 años;2021;17;07 Castilla y León
Total Nacional;Hombres;22 años;2021;14;07 Castilla y León
Total Nacional;Hombres;23 años;2021;13;07 Castilla y León
Total Nacional;Hombres;24 años;2021;32;07 Castilla y León
Total Nacional;Hombres;25 años;2021;35;07 Castilla y León
Total Nacional;Hombres;26 años;2021;60;07 Castilla y León
Total Nacional;Hombres;27 años;2021;91;07 Castilla y León
Total Nacional;Hombres;28 años;2021;113;07 Castilla y León
Total Nacional;Hombres;29 años;2021;194;07 Castilla y León
Total Nacional;Hombres;30 años;2021;229;07 Castilla y León
Total Nacional;Hombres;31 años;2021;278;07 Castilla y León
Total Nacional;Hombres;32 años;2021;276;07 Castilla y León
Total Nacional;Hombres;33 años;2021;334;07 Castilla y León
Total Nacional;Hombres;34 años;2021;330;07 Castilla y León
Total Nacional;Hombres;35 años;2021;298;07 Castilla y León
Total Nacional;Hombres;36 años;2021;294;07 Castilla y León
Total Nacional;Hombres;37 años;2021;282;07 Castilla y León
Total Nacional;Hombres;38 años;2021;254;07 Castilla y León
Total Nacional;Hombres;39 años;2021;206;07 Castilla y León
Total Nacional;Hombres;40 años;2021;229;07 Castilla y León
Total Nacional;Hombres;41 años;2021;208;07 Castilla y León
Total Nacional;Hombres;42 años;2021;148;07 Castilla y León
Total Nacional;Hombres;43 años;2021;139;07 Castilla y León
Total Nacional;Hombres;44 años;2021;134;07 Castilla y León
Total Nacional;Hombres;45 años;2021;111;07 Castilla y León
Total Nacional;Hombres;46 años;2021;93;07 Castilla y León
Total Nacional;Hombres;47 años;2021;86;07 Castilla y León
Total Nacional;Hombres;48 años;2021;67;07 Castilla y León
Total Nacional;Hombres;49 años;2021;55;07 Castilla y León
Total Nacional;Hombres;50 años;2021;43;07 Castilla y León
Total Nacional;Hombres;51 años;2021;46;07 Castilla y León
Total Nacional;Hombres;52 años;2021;49;07 Castilla y León
Total Nacional;Hombres;53 años;2021;39;07 Castilla y León
Total Nacional;Hombres;54 años;2021;41;07 Castilla y León
Total Nacional;Hombres;55 años;2021;37;07 Castilla y León
Total Nacional;Hombres;56 años;2021;31;07 Castilla y León
Total Nacional;Hombres;57 años;2021;22;07 Castilla y León
Total Nacional;Hombres;58 años;2021;17;07 Castilla y León
Total Nacional;Hombres;59 años;2021;21;07 Castilla y León
Total Nacional;Hombres;60 y más años;2021;145;07 Castilla y León
Total Nacional;Mujeres;17 años;2021;2;07 Castilla y León
Total Nacional;Mujeres;18 años;2021;5;07 Castilla y León
Total Nacional;Mujeres;19 años;2021;8;07 Castilla y León
Total Nacional;Mujeres;20 años;2021;11;07 Castilla y León
Total Nacional;Mujeres;21 años;2021;21;07 Castilla y León
Total Nacional;Mujeres;22 años;2021;29;07 Castilla y León
Total Nacional;Mujeres;23 años;2021;37;07 Castilla y León
Total Nacional;Mujeres;24 años;2021;57;07 Castilla y León
Total Nacional;Mujeres;25 años;2021;92;07 Castilla y León
Total Nacional;Mujeres;26 años;2021;105;07 Castilla y León
Total Nacional;Mujeres;27 años;2021;148;07 Castilla y León
Total Nacional;Mujeres;28 años;2021;236;07 Castilla y León
Total Nacional;Mujeres;29 años;2021;264;07 Castilla y León
Total Nacional;Mujeres;30 años;2021;331;07 Castilla y León
Total Nacional;Mujeres;31 años;2021;351;07 Castilla y León
Total Nacional;Mujeres;32 años;2021;351;07 Castilla y León
Total Nacional;Mujeres;33 años;2021;350;07 Castilla y León
Total Nacional;Mujeres;34 años;2021;338;07 Castilla y León
Total Nacional;Mujeres;35 años;2021;322;07 Castilla y León
Total Nacional;Mujeres;36 años;2021;263;07 Castilla y León
Total Nacional;Mujeres;37 años;2021;220;07 Castilla y León
Total Nacional;Mujeres;38 años;2021;196;07 Castilla y León
Total Nacional;Mujeres;39 años;2021;192;07 Castilla y León
Total Nacional;Mujeres;40 años;2021;164;07 Castilla y León
Total Nacional;Mujeres;41 años;2021;142;07 Castilla y León
Total Nacional;Mujeres;42 años;2021;140;07 Castilla y León
Total Nacional;Mujeres;43 años;2021;103;07 Castilla y León
Total Nacional;Mujeres;44 años;2021;89;07 Castilla y León
Total Nacional;Mujeres;45 años;2021;78;07 Castilla y León
Total Nacional;Mujeres;46 años;2021;65;07 Castilla y León
Total Nacional;Mujeres;47 años;2021;51;07 Castilla y León
Total Nacional;Mujeres;48 años;2021;52;07 Castilla y León
Total Nacional;Mujeres;49 años;2021;37;07 Castilla y León
Total Nacional;Mujeres;50 años;2021;35;07 Castilla y León
Total Nacional;Mujeres;51 años;2021;33;07 Castilla y León
Total Nacional;Mujeres;52 años;2021;30;07 Castilla y León
Total Nacional;Mujeres;53 años;2021;37;07 Castilla y León
Total Nacional;Mujeres;54 años;2021;22;07 Castilla y León
Total Nacional;Mujeres;55 años;2021;16;07 Castilla y León
Total Nacional;Mujeres;56 años;2021;20;07 Castilla y León
Total Nacional;Mujeres;57 años;2021;19;07 Castilla y León
Total Nacional;Mujeres;58 años;2021;23;07 Castilla y León
Total Nacional;Mujeres;59 años;2021;20;07 Castilla y León
Total Nacional;Mujeres;60 y más años;2021;65;07 Castilla y León
Total Nacional;Hombres;18 años;2021;1;08 Castilla - La Mancha
Total Nacional;Hombres;19 años;2021;6;08 Castilla - La Mancha
Total Nacional;Hombres;20 años;2021;6;08 Castilla - La Mancha
Total Nacional;Hombres;21 años;2021;8;08 Castilla - La Mancha
Total Nacional;Hombres;22 años;2021;24;08 Castilla - La Mancha
Total Nacional;Hombres;23 años;2021;23;08 Castilla - La Mancha
Total Nacional;Hombres;24 años;2021;30;08 Castilla - La Mancha
Total Nacional;Hombres;25 años;2021;49;08 Castilla - La Mancha
Total Nacional;Hombres;26 años;2021;61;08 Castilla - La Mancha
Total Nacional;Hombres;27 años;2021;110;08 Castilla - La Mancha
Total Nacional;Hombres;28 años;2021;182;08 Castilla - La Mancha
Total Nacional;Hombres;29 años;2021;230;08 Castilla - La Mancha
Total Nacional;Hombres;30 años;2021;287;08 Castilla - La Mancha
Total Nacional;Hombres;31 años;2021;329;08 Castilla - La Mancha
Total Nacional;Hombres;32 años;2021;359;08 Castilla - La Mancha
Total Nacional;Hombres;33 años;2021;355;08 Castilla - La Mancha
Total Nacional;Hombres;34 años;2021;343;08 Castilla - La Mancha
Total Nacional;Hombres;35 años;2021;317;08 Castilla - La Mancha
Total Nacional;Hombres;36 años;2021;288;08 Castilla - La Mancha
Total Nacional;Hombres;37 años;2021;254;08 Castilla - La Mancha
Total Nacional;Hombres;38 años;2021;242;08 Castilla - La Mancha
Total Nacional;Hombres;39 años;2021;215;08 Castilla - La Mancha
Total Nacional;Hombres;40 años;2021;188;08 Castilla - La Mancha
Total Nacional;Hombres;41 años;2021;182;08 Castilla - La Mancha
Total Nacional;Hombres;42 años;2021;154;08 Castilla - La Mancha
Total Nacional;Hombres;43 años;2021;126;08 Castilla - La Mancha
Total Nacional;Hombres;44 años;2021;96;08 Castilla - La Mancha
Total Nacional;Hombres;45 años;2021;103;08 Castilla - La Mancha
Total Nacional;Hombres;46 años;2021;74;08 Castilla - La Mancha
Total Nacional;Hombres;47 años;2021;53;08 Castilla - La Mancha
Total Nacional;Hombres;48 años;2021;49;08 Castilla - La Mancha
Total Nacional;Hombres;49 años;2021;56;08 Castilla - La Mancha
Total Nacional;Hombres;50 años;2021;42;08 Castilla - La Mancha
Total Nacional;Hombres;51 años;2021;40;08 Castilla - La Mancha
Total Nacional;Hombres;52 años;2021;37;08 Castilla - La Mancha
Total Nacional;Hombres;53 años;2021;22;08 Castilla - La Mancha
Total Nacional;Hombres;54 años;2021;21;08 Castilla - La Mancha
Total Nacional;Hombres;55 años;2021;16;08 Castilla - La Mancha
Total Nacional;Hombres;56 años;2021;22;08 Castilla - La Mancha
Total Nacional;Hombres;57 años;2021;19;08 Castilla - La Mancha
Total Nacional;Hombres;58 años;2021;13;08 Castilla - La Mancha
Total Nacional;Hombres;59 años;2021;11;08 Castilla - La Mancha
Total Nacional;Hombres;60 y más años;2021;64;08 Castilla - La Mancha
Total Nacional;Mujeres;17 años;2021;1;08 Castilla - La Mancha
Total Nacional;Mujeres;18 años;2021;7;08 Castilla - La Mancha
Total Nacional;Mujeres;19 años;2021;13;08 Castilla - La Mancha
Total Nacional;Mujeres;20 años;2021;27;08 Castilla - La Mancha
Total Nacional;Mujeres;21 años;2021;33;08 Castilla - La Mancha
Total Nacional;Mujeres;22 años;2021;33;08 Castilla - La Mancha
Total Nacional;Mujeres;23 años;2021;45;08 Castilla - La Mancha
Total Nacional;Mujeres;24 años;2021;56;08 Castilla - La Mancha
Total Nacional;Mujeres;25 años;2021;124;08 Castilla - La Mancha
Total Nacional;Mujeres;26 años;2021;156;08 Castilla - La Mancha
Total Nacional;Mujeres;27 años;2021;222;08 Castilla - La Mancha
Total Nacional;Mujeres;28 años;2021;258;08 Castilla - La Mancha
Total Nacional;Mujeres;29 años;2021;333;08 Castilla - La Mancha
Total Nacional;Mujeres;30 años;2021;403;08 Castilla - La Mancha
Total Nacional;Mujeres;31 años;2021;411;08 Castilla - La Mancha
Total Nacional;Mujeres;32 años;2021;375;08 Castilla - La Mancha
Total Nacional;Mujeres;33 años;2021;328;08 Castilla - La Mancha
Total Nacional;Mujeres;34 años;2021;328;08 Castilla - La Mancha
Total Nacional;Mujeres;35 años;2021;260;08 Castilla - La Mancha
Total Nacional;Mujeres;36 años;2021;237;08 Castilla - La Mancha
Total Nacional;Mujeres;37 años;2021;192;08 Castilla - La Mancha
Total Nacional;Mujeres;38 años;2021;169;08 Castilla - La Mancha
Total Nacional;Mujeres;39 años;2021;150;08 Castilla - La Mancha
Total Nacional;Mujeres;40 años;2021;132;08 Castilla - La Mancha
Total Nacional;Mujeres;41 años;2021;117;08 Castilla - La Mancha
Total Nacional;Mujeres;42 años;2021;102;08 Castilla - La Mancha
Total Nacional;Mujeres;43 años;2021;76;08 Castilla - La Mancha
Total Nacional;Mujeres;44 años;2021;74;08 Castilla - La Mancha
Total Nacional;Mujeres;45 años;2021;68;08 Castilla - La Mancha
Total Nacional;Mujeres;46 años;2021;67;08 Castilla - La Mancha
Total Nacional;Mujeres;47 años;2021;43;08 Castilla - La Mancha
Total Nacional;Mujeres;48 años;2021;39;08 Castilla - La Mancha
Total Nacional;Mujeres;49 años;2021;36;08 Castilla - La Mancha
Total Nacional;Mujeres;50 años;2021;38;08 Castilla - La Mancha
Total Nacional;Mujeres;51 años;2021;18;08 Castilla - La Mancha
Total Nacional;Mujeres;52 años;2021;25;08 Castilla - La Mancha
Total Nacional;Mujeres;53 años;2021;16;08 Castilla - La Mancha
Total Nacional;Mujeres;54 años;2021;24;08 Castilla - La Mancha
Total Nacional;Mujeres;55 años;2021;8;08 Castilla - La Mancha
Total Nacional;Mujeres;56 años;2021;16;08 Castilla - La Mancha
Total Nacional;Mujeres;57 años;2021;11;08 Castilla - La Mancha
Total Nacional;Mujeres;58 años;2021;16;08 Castilla - La Mancha
Total Nacional;Mujeres;59 años;2021;7;08 Castilla - La Mancha
Total Nacional;Mujeres;60 y más años;2021;42;08 Castilla - La Mancha
Total Nacional;Hombres;18 años;2021;1;09 Cataluña
Total Nacional;Hombres;19 años;2021;10;09 Cataluña
Total Nacional;Hombres;20 años;2021;19;09 Cataluña
Total Nacional;Hombres;21 años;2021;42;09 Cataluña
Total Nacional;Hombres;22 años;2021;70;09 Cataluña
Total Nacional;Hombres;23 años;2021;86;09 Cataluña
Total Nacional;Hombres;24 años;2021;141;09 Cataluña
Total Nacional;Hombres;25 años;2021;233;09 Cataluña
Total Nacional;Hombres;26 años;2021;270;09 Cataluña
Total Nacional;Hombres;27 años;2021;395;09 Cataluña
Total Nacional;Hombres;28 años;2021;577;09 Cataluña
Total Nacional;Hombres;29 años;2021;682;09 Cataluña
Total Nacional;Hombres;30 años;2021;860;09 Cataluña
Total Nacional;Hombres;31 años;2021;951;09 Cataluña
Total Nacional;Hombres;32 años;2021;1;09 Cataluña
Total Nacional;Hombres;33 años;2021;1;09 Cataluña
Total Nacional;Hombres;34 años;2021;963;09 Cataluña
Total Nacional;Hombres;35 años;2021;945;09 Cataluña
Total Nacional;Hombres;36 años;2021;773;09 Cataluña
Total Nacional;Hombres;37 años;2021;818;09 Cataluña
Total Nacional;Hombres;38 años;2021;756;09 Cataluña
Total Nacional;Hombres;39 años;2021;716;09 Cataluña
Total Nacional;Hombres;40 años;2021;735;09 Cataluña
Total Nacional;Hombres;41 años;2021;588;09 Cataluña
Total Nacional;Hombres;42 años;2021;541;09 Cataluña
Total Nacional;Hombres;43 años;2021;516;09 Cataluña
Total Nacional;Hombres;44 años;2021;510;09 Cataluña
Total Nacional;Hombres;45 años;2021;417;09 Cataluña
Total Nacional;Hombres;46 años;2021;374;09 Cataluña
Total Nacional;Hombres;47 años;2021;332;09 Cataluña
Total Nacional;Hombres;48 años;2021;254;09 Cataluña
Total Nacional;Hombres;49 años;2021;218;09 Cataluña
Total Nacional;Hombres;50 años;2021;230;09 Cataluña
Total Nacional;Hombres;51 años;2021;163;09 Cataluña
Total Nacional;Hombres;52 años;2021;153;09 Cataluña
Total Nacional;Hombres;53 años;2021;147;09 Cataluña
Total Nacional;Hombres;54 años;2021;106;09 Cataluña
Total Nacional;Hombres;55 años;2021;108;09 Cataluña
Total Nacional;Hombres;56 años;2021;80;09 Cataluña
Total Nacional;Hombres;57 años;2021;77;09 Cataluña
Total Nacional;Hombres;58 años;2021;67;09 Cataluña
Total Nacional;Hombres;59 años;2021;57;09 Cataluña
Total Nacional;Hombres;60 y más años;2021;387;09 Cataluña
Total Nacional;Mujeres;17 años;2021;3;09 Cataluña
Total Nacional;Mujeres;18 años;2021;22;09 Cataluña
Total Nacional;Mujeres;19 años;2021;66;09 Cataluña
Total Nacional;Mujeres;20 años;2021;93;09 Cataluña
Total Nacional;Mujeres;21 años;2021;130;09 Cataluña
Total Nacional;Mujeres;22 años;2021;161;09 Cataluña
Total Nacional;Mujeres;23 años;2021;198;09 Cataluña
Total Nacional;Mujeres;24 años;2021;266;09 Cataluña
Total Nacional;Mujeres;25 años;2021;338;09 Cataluña
Total Nacional;Mujeres;26 años;2021;458;09 Cataluña
Total Nacional;Mujeres;27 años;2021;643;09 Cataluña
Total Nacional;Mujeres;28 años;2021;889;09 Cataluña
Total Nacional;Mujeres;29 años;2021;1;09 Cataluña
Total Nacional;Mujeres;30 años;2021;1;09 Cataluña
Total Nacional;Mujeres;31 años;2021;1;09 Cataluña
Total Nacional;Mujeres;32 años;2021;1;09 Cataluña
Total Nacional;Mujeres;33 años;2021;949;09 Cataluña
Total Nacional;Mujeres;34 años;2021;873;09 Cataluña
Total Nacional;Mujeres;35 años;2021;808;09 Cataluña
Total Nacional;Mujeres;36 años;2021;730;09 Cataluña
Total Nacional;Mujeres;37 años;2021;660;09 Cataluña
Total Nacional;Mujeres;38 años;2021;639;09 Cataluña
Total Nacional;Mujeres;39 años;2021;578;09 Cataluña
Total Nacional;Mujeres;40 años;2021;536;09 Cataluña
Total Nacional;Mujeres;41 años;2021;540;09 Cataluña
Total Nacional;Mujeres;42 años;2021;468;09 Cataluña
Total Nacional;Mujeres;43 años;2021;414;09 Cataluña
Total Nacional;Mujeres;44 años;2021;371;09 Cataluña
Total Nacional;Mujeres;45 años;2021;310;09 Cataluña
Total Nacional;Mujeres;46 años;2021;293;09 Cataluña
Total Nacional;Mujeres;47 años;2021;240;09 Cataluña
Total Nacional;Mujeres;48 años;2021;200;09 Cataluña
Total Nacional;Mujeres;49 años;2021;197;09 Cataluña
Total Nacional;Mujeres;50 años;2021;152;09 Cataluña
Total Nacional;Mujeres;51 años;2021;140;09 Cataluña
Total Nacional;Mujeres;52 años;2021;121;09 Cataluña
Total Nacional;Mujeres;53 años;2021;82;09 Cataluña
Total Nacional;Mujeres;54 años;2021;92;09 Cataluña
Total Nacional;Mujeres;55 años;2021;82;09 Cataluña
Total Nacional;Mujeres;56 años;2021;73;09 Cataluña
Total Nacional;Mujeres;57 años;2021;71;09 Cataluña
Total Nacional;Mujeres;58 años;2021;50;09 Cataluña
Total Nacional;Mujeres;59 años;2021;56;09 Cataluña
Total Nacional;Mujeres;60 y más años;2021;258;09 Cataluña
Total Nacional;Hombres;19 años;2021;8;10 Comunitat Valenciana
Total Nacional;Hombres;20 años;2021;24;10 Comunitat Valenciana
Total Nacional;Hombres;21 años;2021;35;10 Comunitat Valenciana
Total Nacional;Hombres;22 años;2021;53;10 Comunitat Valenciana
Total Nacional;Hombres;23 años;2021;74;10 Comunitat Valenciana
Total Nacional;Hombres;24 años;2021;98;10 Comunitat Valenciana
Total Nacional;Hombres;25 años;2021;132;10 Comunitat Valenciana
Total Nacional;Hombres;26 años;2021;181;10 Comunitat Valenciana
Total Nacional;Hombres;27 años;2021;279;10 Comunitat Valenciana
Total Nacional;Hombres;28 años;2021;361;10 Comunitat Valenciana
Total Nacional;Hombres;29 años;2021;494;10 Comunitat Valenciana
Total Nacional;Hombres;30 años;2021;673;10 Comunitat Valenciana
Total Nacional;Hombres;31 años;2021;732;10 Comunitat Valenciana
Total Nacional;Hombres;32 años;2021;776;10 Comunitat Valenciana
Total Nacional;Hombres;33 años;2021;749;10 Comunitat Valenciana
Total Nacional;Hombres;34 años;2021;720;10 Comunitat Valenciana
Total Nacional;Hombres;35 años;2021;677;10 Comunitat Valenciana
Total Nacional;Hombres;36 años;2021;679;10 Comunitat Valenciana
Total Nacional;Hombres;37 años;2021;621;10 Comunitat Valenciana
Total Nacional;Hombres;38 años;2021;571;10 Comunitat Valenciana
Total Nacional;Hombres;39 años;2021;488;10 Comunitat Valenciana
Total Nacional;Hombres;40 años;2021;468;10 Comunitat Valenciana
Total Nacional;Hombres;41 años;2021;422;10 Comunitat Valenciana
Total Nacional;Hombres;42 años;2021;417;10 Comunitat Valenciana
Total Nacional;Hombres;43 años;2021;337;10 Comunitat Valenciana
Total Nacional;Hombres;44 años;2021;276;10 Comunitat Valenciana
Total Nacional;Hombres;45 años;2021;239;10 Comunitat Valenciana
Total Nacional;Hombres;46 años;2021;197;10 Comunitat Valenciana
Total Nacional;Hombres;47 años;2021;162;10 Comunitat Valenciana
Total Nacional;Hombres;48 años;2021;138;10 Comunitat Valenciana
Total Nacional;Hombres;49 años;2021;136;10 Comunitat Valenciana
Total Nacional;Hombres;50 años;2021;106;10 Comunitat Valenciana
Total Nacional;Hombres;51 años;2021;115;10 Comunitat Valenciana
Total Nacional;Hombres;52 años;2021;79;10 Comunitat Valenciana
Total Nacional;Hombres;53 años;2021;73;10 Comunitat Valenciana
Total Nacional;Hombres;54 años;2021;63;10 Comunitat Valenciana
Total Nacional;Hombres;55 años;2021;54;10 Comunitat Valenciana
Total Nacional;Hombres;56 años;2021;48;10 Comunitat Valenciana
Total Nacional;Hombres;57 años;2021;48;10 Comunitat Valenciana
Total Nacional;Hombres;58 años;2021;35;10 Comunitat Valenciana
Total Nacional;Hombres;59 años;2021;33;10 Comunitat Valenciana
Total Nacional;Hombres;60 y más años;2021;197;10 Comunitat Valenciana
Total Nacional;Mujeres;16 años;2021;1;10 Comunitat Valenciana
Total Nacional;Mujeres;17 años;2021;1;10 Comunitat Valenciana
Total Nacional;Mujeres;18 años;2021;17;10 Comunitat Valenciana
Total Nacional;Mujeres;19 años;2021;33;10 Comunitat Valenciana
Total Nacional;Mujeres;20 años;2021;49;10 Comunitat Valenciana
Total Nacional;Mujeres;21 años;2021;92;10 Comunitat Valenciana
Total Nacional;Mujeres;22 años;2021;104;10 Comunitat Valenciana
Total Nacional;Mujeres;23 años;2021;133;10 Comunitat Valenciana
Total Nacional;Mujeres;24 años;2021;189;10 Comunitat Valenciana
Total Nacional;Mujeres;25 años;2021;266;10 Comunitat Valenciana
Total Nacional;Mujeres;26 años;2021;346;10 Comunitat Valenciana
Total Nacional;Mujeres;27 años;2021;419;10 Comunitat Valenciana
Total Nacional;Mujeres;28 años;2021;636;10 Comunitat Valenciana
Total Nacional;Mujeres;29 años;2021;777;10 Comunitat Valenciana
Total Nacional;Mujeres;30 años;2021;826;10 Comunitat Valenciana
Total Nacional;Mujeres;31 años;2021;892;10 Comunitat Valenciana
Total Nacional;Mujeres;32 años;2021;802;10 Comunitat Valenciana
Total Nacional;Mujeres;33 años;2021;765;10 Comunitat Valenciana
Total Nacional;Mujeres;34 años;2021;674;10 Comunitat Valenciana
Total Nacional;Mujeres;35 años;2021;619;10 Comunitat Valenciana
Total Nacional;Mujeres;36 años;2021;530;10 Comunitat Valenciana
Total Nacional;Mujeres;37 años;2021;496;10 Comunitat Valenciana
Total Nacional;Mujeres;38 años;2021;417;10 Comunitat Valenciana
Total Nacional;Mujeres;39 años;2021;369;10 Comunitat Valenciana
Total Nacional;Mujeres;40 años;2021;362;10 Comunitat Valenciana
Total Nacional;Mujeres;41 años;2021;323;10 Comunitat Valenciana
Total Nacional;Mujeres;42 años;2021;278;10 Comunitat Valenciana
Total Nacional;Mujeres;43 años;2021;250;10 Comunitat Valenciana
Total Nacional;Mujeres;44 años;2021;196;10 Comunitat Valenciana
Total Nacional;Mujeres;45 años;2021;162;10 Comunitat Valenciana
Total Nacional;Mujeres;46 años;2021;152;10 Comunitat Valenciana
Total Nacional;Mujeres;47 años;2021;144;10 Comunitat Valenciana
Total Nacional;Mujeres;48 años;2021;130;10 Comunitat Valenciana
Total Nacional;Mujeres;49 años;2021;101;10 Comunitat Valenciana
Total Nacional;Mujeres;50 años;2021;99;10 Comunitat Valenciana
Total Nacional;Mujeres;51 años;2021;76;10 Comunitat Valenciana
Total Nacional;Mujeres;52 años;2021;65;10 Comunitat Valenciana
Total Nacional;Mujeres;53 años;2021;60;10 Comunitat Valenciana
Total Nacional;Mujeres;54 años;2021;46;10 Comunitat Valenciana
Total Nacional;Mujeres;55 años;2021;42;10 Comunitat Valenciana
Total Nacional;Mujeres;56 años;2021;34;10 Comunitat Valenciana
Total Nacional;Mujeres;57 años;2021;39;10 Comunitat Valenciana
Total Nacional;Mujeres;58 años;2021;20;10 Comunitat Valenciana
Total Nacional;Mujeres;59 años;2021;23;10 Comunitat Valenciana
Total Nacional;Mujeres;60 y más años;2021;129;10 Comunitat Valenciana
Total Nacional;Hombres;18 años;2021;3;11 Extremadura
Total Nacional;Hombres;21 años;2021;5;11 Extremadura
Total Nacional;Hombres;22 años;2021;13;11 Extremadura
Total Nacional;Hombres;23 años;2021;9;11 Extremadura
Total Nacional;Hombres;24 años;2021;10;11 Extremadura
Total Nacional;Hombres;25 años;2021;22;11 Extremadura
Total Nacional;Hombres;26 años;2021;30;11 Extremadura
Total Nacional;Hombres;27 años;2021;45;11 Extremadura
Total Nacional;Hombres;28 años;2021;64;11 Extremadura
Total Nacional;Hombres;29 años;2021;92;11 Extremadura
Total Nacional;Hombres;30 años;2021;137;11 Extremadura
Total Nacional;Hombres;31 años;2021;201;11 Extremadura
Total Nacional;Hombres;32 años;2021;164;11 Extremadura
Total Nacional;Hombres;33 años;2021;176;11 Extremadura
Total Nacional;Hombres;34 años;2021;175;11 Extremadura
Total Nacional;Hombres;35 años;2021;147;11 Extremadura
Total Nacional;Hombres;36 años;2021;138;11 Extremadura
Total Nacional;Hombres;37 años;2021;112;11 Extremadura
Total Nacional;Hombres;38 años;2021;99;11 Extremadura
Total Nacional;Hombres;39 años;2021;112;11 Extremadura
Total Nacional;Hombres;40 años;2021;87;11 Extremadura
Total Nacional;Hombres;41 años;2021;66;11 Extremadura
Total Nacional;Hombres;42 años;2021;46;11 Extremadura
Total Nacional;Hombres;43 años;2021;53;11 Extremadura
Total Nacional;Hombres;44 años;2021;36;11 Extremadura
Total Nacional;Hombres;45 años;2021;40;11 Extremadura
Total Nacional;Hombres;46 años;2021;39;11 Extremadura
Total Nacional;Hombres;47 años;2021;25;11 Extremadura
Total Nacional;Hombres;48 años;2021;27;11 Extremadura
Total Nacional;Hombres;49 años;2021;21;11 Extremadura
Total Nacional;Hombres;50 años;2021;27;11 Extremadura
Total Nacional;Hombres;51 años;2021;13;11 Extremadura
Total Nacional;Hombres;52 años;2021;16;11 Extremadura
Total Nacional;Hombres;53 años;2021;19;11 Extremadura
Total Nacional;Hombres;54 años;2021;12;11 Extremadura
Total Nacional;Hombres;55 años;2021;9;11 Extremadura
Total Nacional;Hombres;56 años;2021;8;11 Extremadura
Total Nacional;Hombres;57 años;2021;6;11 Extremadura
Total Nacional;Hombres;58 años;2021;8;11 Extremadura
Total Nacional;Hombres;59 años;2021;6;11 Extremadura
Total Nacional;Hombres;60 y más años;2021;35;11 Extremadura
Total Nacional;Mujeres;16 años;2021;1;11 Extremadura
Total Nacional;Mujeres;17 años;2021;1;11 Extremadura
Total Nacional;Mujeres;18 años;2021;6;11 Extremadura
Total Nacional;Mujeres;19 años;2021;4;11 Extremadura
Total Nacional;Mujeres;20 años;2021;7;11 Extremadura
Total Nacional;Mujeres;21 años;2021;13;11 Extremadura
Total Nacional;Mujeres;22 años;2021;15;11 Extremadura
Total Nacional;Mujeres;23 años;2021;12;11 Extremadura
Total Nacional;Mujeres;24 años;2021;27;11 Extremadura
Total Nacional;Mujeres;25 años;2021;49;11 Extremadura
Total Nacional;Mujeres;26 años;2021;54;11 Extremadura
Total Nacional;Mujeres;27 años;2021;84;11 Extremadura
Total Nacional;Mujeres;28 años;2021;115;11 Extremadura
Total Nacional;Mujeres;29 años;2021;158;11 Extremadura
Total Nacional;Mujeres;30 años;2021;187;11 Extremadura
Total Nacional;Mujeres;31 años;2021;186;11 Extremadura
Total Nacional;Mujeres;32 años;2021;185;11 Extremadura
Total Nacional;Mujeres;33 años;2021;173;11 Extremadura
Total Nacional;Mujeres;34 años;2021;138;11 Extremadura
Total Nacional;Mujeres;35 años;2021;142;11 Extremadura
Total Nacional;Mujeres;36 años;2021;99;11 Extremadura
Total Nacional;Mujeres;37 años;2021;101;11 Extremadura
Total Nacional;Mujeres;38 años;2021;92;11 Extremadura
Total Nacional;Mujeres;39 años;2021;72;11 Extremadura
Total Nacional;Mujeres;40 años;2021;53;11 Extremadura
Total Nacional;Mujeres;41 años;2021;56;11 Extremadura
Total Nacional;Mujeres;42 años;2021;49;11 Extremadura
Total Nacional;Mujeres;43 años;2021;47;11 Extremadura
Total Nacional;Mujeres;44 años;2021;23;11 Extremadura
Total Nacional;Mujeres;45 años;2021;27;11 Extremadura
Total Nacional;Mujeres;46 años;2021;28;11 Extremadura
Total Nacional;Mujeres;47 años;2021;16;11 Extremadura
Total Nacional;Mujeres;48 años;2021;26;11 Extremadura
Total Nacional;Mujeres;49 años;2021;14;11 Extremadura
Total Nacional;Mujeres;50 años;2021;11;11 Extremadura
Total Nacional;Mujeres;51 años;2021;12;11 Extremadura
Total Nacional;Mujeres;52 años;2021;12;11 Extremadura
Total Nacional;Mujeres;53 años;2021;12;11 Extremadura
Total Nacional;Mujeres;54 años;2021;9;11 Extremadura
Total Nacional;Mujeres;55 años;2021;10;11 Extremadura
Total Nacional;Mujeres;56 años;2021;12;11 Extremadura
Total Nacional;Mujeres;57 años;2021;4;11 Extremadura
Total Nacional;Mujeres;58 años;2021;4;11 Extremadura
Total Nacional;Mujeres;59 años;2021;9;11 Extremadura
Total Nacional;Mujeres;60 y más años;2021;23;11 Extremadura
Total Nacional;Hombres;18 años;2021;1;12 Galicia
Total Nacional;Hombres;19 años;2021;2;12 Galicia
Total Nacional;Hombres;20 años;2021;3;12 Galicia
Total Nacional;Hombres;21 años;2021;8;12 Galicia
Total Nacional;Hombres;22 años;2021;22;12 Galicia
Total Nacional;Hombres;23 años;2021;30;12 Galicia
Total Nacional;Hombres;24 años;2021;30;12 Galicia
Total Nacional;Hombres;25 años;2021;57;12 Galicia
Total Nacional;Hombres;26 años;2021;99;12 Galicia
Total Nacional;Hombres;27 años;2021;145;12 Galicia
Total Nacional;Hombres;28 años;2021;195;12 Galicia
Total Nacional;Hombres;29 años;2021;220;12 Galicia
Total Nacional;Hombres;30 años;2021;312;12 Galicia
Total Nacional;Hombres;31 años;2021;336;12 Galicia
Total Nacional;Hombres;32 años;2021;341;12 Galicia
Total Nacional;Hombres;33 años;2021;344;12 Galicia
Total Nacional;Hombres;34 años;2021;406;12 Galicia
Total Nacional;Hombres;35 años;2021;369;12 Galicia
Total Nacional;Hombres;36 años;2021;388;12 Galicia
Total Nacional;Hombres;37 años;2021;352;12 Galicia
Total Nacional;Hombres;38 años;2021;315;12 Galicia
Total Nacional;Hombres;39 años;2021;351;12 Galicia
Total Nacional;Hombres;40 años;2021;287;12 Galicia
Total Nacional;Hombres;41 años;2021;277;12 Galicia
Total Nacional;Hombres;42 años;2021;227;12 Galicia
Total Nacional;Hombres;43 años;2021;205;12 Galicia
Total Nacional;Hombres;44 años;2021;195;12 Galicia
Total Nacional;Hombres;45 años;2021;173;12 Galicia
Total Nacional;Hombres;46 años;2021;132;12 Galicia
Total Nacional;Hombres;47 años;2021;126;12 Galicia
Total Nacional;Hombres;48 años;2021;88;12 Galicia
Total Nacional;Hombres;49 años;2021;77;12 Galicia
Total Nacional;Hombres;50 años;2021;59;12 Galicia
Total Nacional;Hombres;51 años;2021;72;12 Galicia
Total Nacional;Hombres;52 años;2021;50;12 Galicia
Total Nacional;Hombres;53 años;2021;48;12 Galicia
Total Nacional;Hombres;54 años;2021;39;12 Galicia
Total Nacional;Hombres;55 años;2021;31;12 Galicia
Total Nacional;Hombres;56 años;2021;27;12 Galicia
Total Nacional;Hombres;57 años;2021;21;12 Galicia
Total Nacional;Hombres;58 años;2021;24;12 Galicia
Total Nacional;Hombres;59 años;2021;27;12 Galicia
Total Nacional;Hombres;60 y más años;2021;129;12 Galicia
Total Nacional;Mujeres;17 años;2021;2;12 Galicia
Total Nacional;Mujeres;18 años;2021;1;12 Galicia
Total Nacional;Mujeres;19 años;2021;5;12 Galicia
Total Nacional;Mujeres;20 años;2021;23;12 Galicia
Total Nacional;Mujeres;21 años;2021;23;12 Galicia
Total Nacional;Mujeres;22 años;2021;30;12 Galicia
Total Nacional;Mujeres;23 años;2021;59;12 Galicia
Total Nacional;Mujeres;24 años;2021;75;12 Galicia
Total Nacional;Mujeres;25 años;2021;105;12 Galicia
Total Nacional;Mujeres;26 años;2021;168;12 Galicia
Total Nacional;Mujeres;27 años;2021;194;12 Galicia
Total Nacional;Mujeres;28 años;2021;285;12 Galicia
Total Nacional;Mujeres;29 años;2021;345;12 Galicia
Total Nacional;Mujeres;30 años;2021;410;12 Galicia
Total Nacional;Mujeres;31 años;2021;429;12 Galicia
Total Nacional;Mujeres;32 años;2021;402;12 Galicia
Total Nacional;Mujeres;33 años;2021;401;12 Galicia
Total Nacional;Mujeres;34 años;2021;436;12 Galicia
Total Nacional;Mujeres;35 años;2021;366;12 Galicia
Total Nacional;Mujeres;36 años;2021;333;12 Galicia
Total Nacional;Mujeres;37 años;2021;298;12 Galicia
Total Nacional;Mujeres;38 años;2021;272;12 Galicia
Total Nacional;Mujeres;39 años;2021;276;12 Galicia
Total Nacional;Mujeres;40 años;2021;252;12 Galicia
Total Nacional;Mujeres;41 años;2021;230;12 Galicia
Total Nacional;Mujeres;42 años;2021;196;12 Galicia
Total Nacional;Mujeres;43 años;2021;147;12 Galicia
Total Nacional;Mujeres;44 años;2021;158;12 Galicia
Total Nacional;Mujeres;45 años;2021;122;12 Galicia
Total Nacional;Mujeres;46 años;2021;111;12 Galicia
Total Nacional;Mujeres;47 años;2021;98;12 Galicia
Total Nacional;Mujeres;48 años;2021;70;12 Galicia
Total Nacional;Mujeres;49 años;2021;61;12 Galicia
Total Nacional;Mujeres;50 años;2021;53;12 Galicia
Total Nacional;Mujeres;51 años;2021;42;12 Galicia
Total Nacional;Mujeres;52 años;2021;34;12 Galicia
Total Nacional;Mujeres;53 años;2021;34;12 Galicia
Total Nacional;Mujeres;54 años;2021;37;12 Galicia
Total Nacional;Mujeres;55 años;2021;22;12 Galicia
Total Nacional;Mujeres;56 años;2021;23;12 Galicia
Total Nacional;Mujeres;57 años;2021;19;12 Galicia
Total Nacional;Mujeres;58 años;2021;23;12 Galicia
Total Nacional;Mujeres;59 años;2021;20;12 Galicia
Total Nacional;Mujeres;60 y más años;2021;78;12 Galicia
Total Nacional;Hombres;18 años;2021;3;13 Madrid, Comunidad de
Total Nacional;Hombres;19 años;2021;6;13 Madrid, Comunidad de
Total Nacional;Hombres;20 años;2021;18;13 Madrid, Comunidad de
Total Nacional;Hombres;21 años;2021;33;13 Madrid, Comunidad de
Total Nacional;Hombres;22 años;2021;56;13 Madrid, Comunidad de
Total Nacional;Hombres;23 años;2021;69;13 Madrid, Comunidad de
Total Nacional;Hombres;24 años;2021;95;13 Madrid, Comunidad de
Total Nacional;Hombres;25 años;2021;156;13 Madrid, Comunidad de
Total Nacional;Hombres;26 años;2021;251;13 Madrid, Comunidad de
Total Nacional;Hombres;27 años;2021;336;13 Madrid, Comunidad de
Total Nacional;Hombres;28 años;2021;585;13 Madrid, Comunidad de
Total Nacional;Hombres;29 años;2021;753;13 Madrid, Comunidad de
Total Nacional;Hombres;30 años;2021;900;13 Madrid, Comunidad de
Total Nacional;Hombres;31 años;2021;1;13 Madrid, Comunidad de
Total Nacional;Hombres;32 años;2021;1;13 Madrid, Comunidad de
Total Nacional;Hombres;33 años;2021;1;13 Madrid, Comunidad de
Total Nacional;Hombres;34 años;2021;1;13 Madrid, Comunidad de
Total Nacional;Hombres;35 años;2021;1;13 Madrid, Comunidad de
Total Nacional;Hombres;36 años;2021;1;13 Madrid, Comunidad de
Total Nacional;Hombres;37 años;2021;911;13 Madrid, Comunidad de
Total Nacional;Hombres;38 años;2021;857;13 Madrid, Comunidad de
Total Nacional;Hombres;39 años;2021;691;13 Madrid, Comunidad de
Total Nacional;Hombres;40 años;2021;664;13 Madrid, Comunidad de
Total Nacional;Hombres;41 años;2021;603;13 Madrid, Comunidad de
Total Nacional;Hombres;42 años;2021;522;13 Madrid, Comunidad de
Total Nacional;Hombres;43 años;2021;444;13 Madrid, Comunidad de
Total Nacional;Hombres;44 años;2021;441;13 Madrid, Comunidad de
Total Nacional;Hombres;45 años;2021;371;13 Madrid, Comunidad de
Total Nacional;Hombres;46 años;2021;299;13 Madrid, Comunidad de
Total Nacional;Hombres;47 años;2021;313;13 Madrid, Comunidad de
Total Nacional;Hombres;48 años;2021;239;13 Madrid, Comunidad de
Total Nacional;Hombres;49 años;2021;200;13 Madrid, Comunidad de
Total Nacional;Hombres;50 años;2021;204;13 Madrid, Comunidad de
Total Nacional;Hombres;51 años;2021;137;13 Madrid, Comunidad de
Total Nacional;Hombres;52 años;2021;128;13 Madrid, Comunidad de
Total Nacional;Hombres;53 años;2021;110;13 Madrid, Comunidad de
Total Nacional;Hombres;54 años;2021;100;13 Madrid, Comunidad de
Total Nacional;Hombres;55 años;2021;92;13 Madrid, Comunidad de
Total Nacional;Hombres;56 años;2021;81;13 Madrid, Comunidad de
Total Nacional;Hombres;57 años;2021;89;13 Madrid, Comunidad de
Total Nacional;Hombres;58 años;2021;61;13 Madrid, Comunidad de
Total Nacional;Hombres;59 años;2021;47;13 Madrid, Comunidad de
Total Nacional;Hombres;60 y más años;2021;331;13 Madrid, Comunidad de
Total Nacional;Mujeres;17 años;2021;1;13 Madrid, Comunidad de
Total Nacional;Mujeres;18 años;2021;12;13 Madrid, Comunidad de
Total Nacional;Mujeres;19 años;2021;38;13 Madrid, Comunidad de
Total Nacional;Mujeres;20 años;2021;39;13 Madrid, Comunidad de
Total Nacional;Mujeres;21 años;2021;74;13 Madrid, Comunidad de
Total Nacional;Mujeres;22 años;2021;92;13 Madrid, Comunidad de
Total Nacional;Mujeres;23 años;2021;129;13 Madrid, Comunidad de
Total Nacional;Mujeres;24 años;2021;190;13 Madrid, Comunidad de
Total Nacional;Mujeres;25 años;2021;274;13 Madrid, Comunidad de
Total Nacional;Mujeres;26 años;2021;421;13 Madrid, Comunidad de
Total Nacional;Mujeres;27 años;2021;603;13 Madrid, Comunidad de
Total Nacional;Mujeres;28 años;2021;856;13 Madrid, Comunidad de
Total Nacional;Mujeres;29 años;2021;1;13 Madrid, Comunidad de
Total Nacional;Mujeres;30 años;2021;1;13 Madrid, Comunidad de
Total Nacional;Mujeres;31 años;2021;1;13 Madrid, Comunidad de
Total Nacional;Mujeres;32 años;2021;1;13 Madrid, Comunidad de
Total Nacional;Mujeres;33 años;2021;1;13 Madrid, Comunidad de
Total Nacional;Mujeres;34 años;2021;1;13 Madrid, Comunidad de
Total Nacional;Mujeres;35 años;2021;957;13 Madrid, Comunidad de
Total Nacional;Mujeres;36 años;2021;848;13 Madrid, Comunidad de
Total Nacional;Mujeres;37 años;2021;774;13 Madrid, Comunidad de
Total Nacional;Mujeres;38 años;2021;677;13 Madrid, Comunidad de
Total Nacional;Mujeres;39 años;2021;591;13 Madrid, Comunidad de
Total Nacional;Mujeres;40 años;2021;580;13 Madrid, Comunidad de
Total Nacional;Mujeres;41 años;2021;485;13 Madrid, Comunidad de
Total Nacional;Mujeres;42 años;2021;405;13 Madrid, Comunidad de
Total Nacional;Mujeres;43 años;2021;379;13 Madrid, Comunidad de
Total Nacional;Mujeres;44 años;2021;363;13 Madrid, Comunidad de
Total Nacional;Mujeres;45 años;2021;306;13 Madrid, Comunidad de
Total Nacional;Mujeres;46 años;2021;248;13 Madrid, Comunidad de
Total Nacional;Mujeres;47 años;2021;221;13 Madrid, Comunidad de
Total Nacional;Mujeres;48 años;2021;211;13 Madrid, Comunidad de
Total Nacional;Mujeres;49 años;2021;197;13 Madrid, Comunidad de
Total Nacional;Mujeres;50 años;2021;145;13 Madrid, Comunidad de
Total Nacional;Mujeres;51 años;2021;160;13 Madrid, Comunidad de
Total Nacional;Mujeres;52 años;2021;118;13 Madrid, Comunidad de
Total Nacional;Mujeres;53 años;2021;92;13 Madrid, Comunidad de
Total Nacional;Mujeres;54 años;2021;67;13 Madrid, Comunidad de
Total Nacional;Mujeres;55 años;2021;67;13 Madrid, Comunidad de
Total Nacional;Mujeres;56 años;2021;77;13 Madrid, Comunidad de
Total Nacional;Mujeres;57 años;2021;64;13 Madrid, Comunidad de
Total Nacional;Mujeres;58 años;2021;51;13 Madrid, Comunidad de
Total Nacional;Mujeres;59 años;2021;50;13 Madrid, Comunidad de
Total Nacional;Mujeres;60 y más años;2021;233;13 Madrid, Comunidad de
Total Nacional;Hombres;18 años;2021;3;14 Murcia, Región de
Total Nacional;Hombres;19 años;2021;3;14 Murcia, Región de
Total Nacional;Hombres;20 años;2021;7;14 Murcia, Región de
Total Nacional;Hombres;21 años;2021;9;14 Murcia, Región de
Total Nacional;Hombres;22 años;2021;13;14 Murcia, Región de
Total Nacional;Hombres;23 años;2021;21;14 Murcia, Región de
Total Nacional;Hombres;24 años;2021;31;14 Murcia, Región de
Total Nacional;Hombres;25 años;2021;37;14 Murcia, Región de
Total Nacional;Hombres;26 años;2021;74;14 Murcia, Región de
Total Nacional;Hombres;27 años;2021;90;14 Murcia, Región de
Total Nacional;Hombres;28 años;2021;152;14 Murcia, Región de
Total Nacional;Hombres;29 años;2021;176;14 Murcia, Región de
Total Nacional;Hombres;30 años;2021;210;14 Murcia, Región de
Total Nacional;Hombres;31 años;2021;247;14 Murcia, Región de
Total Nacional;Hombres;32 años;2021;205;14 Murcia, Región de
Total Nacional;Hombres;33 años;2021;222;14 Murcia, Región de
Total Nacional;Hombres;34 años;2021;199;14 Murcia, Región de
Total Nacional;Hombres;35 años;2021;187;14 Murcia, Región de
Total Nacional;Hombres;36 años;2021;189;14 Murcia, Región de
Total Nacional;Hombres;37 años;2021;163;14 Murcia, Región de
Total Nacional;Hombres;38 años;2021;148;14 Murcia, Región de
Total Nacional;Hombres;39 años;2021;144;14 Murcia, Región de
Total Nacional;Hombres;40 años;2021;123;14 Murcia, Región de
Total Nacional;Hombres;41 años;2021;106;14 Murcia, Región de
Total Nacional;Hombres;42 años;2021;96;14 Murcia, Región de
Total Nacional;Hombres;43 años;2021;90;14 Murcia, Región de
Total Nacional;Hombres;44 años;2021;87;14 Murcia, Región de
Total Nacional;Hombres;45 años;2021;58;14 Murcia, Región de
Total Nacional;Hombres;46 años;2021;58;14 Murcia, Región de
Total Nacional;Hombres;47 años;2021;37;14 Murcia, Región de
Total Nacional;Hombres;48 años;2021;28;14 Murcia, Región de
Total Nacional;Hombres;49 años;2021;35;14 Murcia, Región de
Total Nacional;Hombres;50 años;2021;24;14 Murcia, Región de
Total Nacional;Hombres;51 años;2021;17;14 Murcia, Región de
Total Nacional;Hombres;52 años;2021;14;14 Murcia, Región de
Total Nacional;Hombres;53 años;2021;11;14 Murcia, Región de
Total Nacional;Hombres;54 años;2021;20;14 Murcia, Región de
Total Nacional;Hombres;55 años;2021;7;14 Murcia, Región de
Total Nacional;Hombres;56 años;2021;11;14 Murcia, Región de
Total Nacional;Hombres;57 años;2021;8;14 Murcia, Región de
Total Nacional;Hombres;58 años;2021;7;14 Murcia, Región de
Total Nacional;Hombres;59 años;2021;3;14 Murcia, Región de
Total Nacional;Hombres;60 y más años;2021;31;14 Murcia, Región de
Total Nacional;Mujeres;18 años;2021;6;14 Murcia, Región de
Total Nacional;Mujeres;19 años;2021;11;14 Murcia, Región de
Total Nacional;Mujeres;20 años;2021;23;14 Murcia, Región de
Total Nacional;Mujeres;21 años;2021;23;14 Murcia, Región de
Total Nacional;Mujeres;22 años;2021;28;14 Murcia, Región de
Total Nacional;Mujeres;23 años;2021;48;14 Murcia, Región de
Total Nacional;Mujeres;24 años;2021;67;14 Murcia, Región de
Total Nacional;Mujeres;25 años;2021;82;14 Murcia, Región de
Total Nacional;Mujeres;26 años;2021;129;14 Murcia, Región de
Total Nacional;Mujeres;27 años;2021;150;14 Murcia, Región de
Total Nacional;Mujeres;28 años;2021;197;14 Murcia, Región de
Total Nacional;Mujeres;29 años;2021;220;14 Murcia, Región de
Total Nacional;Mujeres;30 años;2021;237;14 Murcia, Región de
Total Nacional;Mujeres;31 años;2021;277;14 Murcia, Región de
Total Nacional;Mujeres;32 años;2021;244;14 Murcia, Región de
Total Nacional;Mujeres;33 años;2021;214;14 Murcia, Región de
Total Nacional;Mujeres;34 años;2021;190;14 Murcia, Región de
Total Nacional;Mujeres;35 años;2021;192;14 Murcia, Región de
Total Nacional;Mujeres;36 años;2021;168;14 Murcia, Región de
Total Nacional;Mujeres;37 años;2021;125;14 Murcia, Región de
Total Nacional;Mujeres;38 años;2021;93;14 Murcia, Región de
Total Nacional;Mujeres;39 años;2021;105;14 Murcia, Región de
Total Nacional;Mujeres;40 años;2021;92;14 Murcia, Región de
Total Nacional;Mujeres;41 años;2021;75;14 Murcia, Región de
Total Nacional;Mujeres;42 años;2021;66;14 Murcia, Región de
Total Nacional;Mujeres;43 años;2021;75;14 Murcia, Región de
Total Nacional;Mujeres;44 años;2021;42;14 Murcia, Región de
Total Nacional;Mujeres;45 años;2021;41;14 Murcia, Región de
Total Nacional;Mujeres;46 años;2021;35;14 Murcia, Región de
Total Nacional;Mujeres;47 años;2021;31;14 Murcia, Región de
Total Nacional;Mujeres;48 años;2021;25;14 Murcia, Región de
Total Nacional;Mujeres;49 años;2021;25;14 Murcia, Región de
Total Nacional;Mujeres;50 años;2021;21;14 Murcia, Región de
Total Nacional;Mujeres;51 años;2021;18;14 Murcia, Región de
Total Nacional;Mujeres;52 años;2021;14;14 Murcia, Región de
Total Nacional;Mujeres;53 años;2021;8;14 Murcia, Región de
Total Nacional;Mujeres;54 años;2021;13;14 Murcia, Región de
Total Nacional;Mujeres;55 años;2021;10;14 Murcia, Región de
Total Nacional;Mujeres;56 años;2021;15;14 Murcia, Región de
Total Nacional;Mujeres;57 años;2021;6;14 Murcia, Región de
Total Nacional;Mujeres;58 años;2021;2;14 Murcia, Región de
Total Nacional;Mujeres;59 años;2021;5;14 Murcia, Región de
Total Nacional;Mujeres;60 y más años;2021;25;14 Murcia, Región de
Total Nacional;Hombres;19 años;2021;3;15 Navarra, Comunidad Foral de
Total Nacional;Hombres;20 años;2021;3;15 Navarra, Comunidad Foral de
Total Nacional;Hombres;21 años;2021;4;15 Navarra, Comunidad Foral de
Total Nacional;Hombres;22 años;2021;5;15 Navarra, Comunidad Foral de
Total Nacional;Hombres;23 años;2021;8;15 Navarra, Comunidad Foral de
Total Nacional;Hombres;24 años;2021;16;15 Navarra, Comunidad Foral de
Total Nacional;Hombres;25 años;2021;19;15 Navarra, Comunidad Foral de
Total Nacional;Hombres;26 años;2021;22;15 Navarra, Comunidad Foral de
Total Nacional;Hombres;27 años;2021;36;15 Navarra, Comunidad Foral de
Total Nacional;Hombres;28 años;2021;42;15 Navarra, Comunidad Foral de
Total Nacional;Hombres;29 años;2021;55;15 Navarra, Comunidad Foral de
Total Nacional;Hombres;30 años;2021;66;15 Navarra, Comunidad Foral de
Total Nacional;Hombres;31 años;2021;86;15 Navarra, Comunidad Foral de
Total Nacional;Hombres;32 años;2021;76;15 Navarra, Comunidad Foral de
Total Nacional;Hombres;33 años;2021;96;15 Navarra, Comunidad Foral de
Total Nacional;Hombres;34 años;2021;96;15 Navarra, Comunidad Foral de
Total Nacional;Hombres;35 años;2021;96;15 Navarra, Comunidad Foral de
Total Nacional;Hombres;36 años;2021;81;15 Navarra, Comunidad Foral de
Total Nacional;Hombres;37 años;2021;81;15 Navarra, Comunidad Foral de
Total Nacional;Hombres;38 años;2021;79;15 Navarra, Comunidad Foral de
Total Nacional;Hombres;39 años;2021;56;15 Navarra, Comunidad Foral de
Total Nacional;Hombres;40 años;2021;53;15 Navarra, Comunidad Foral de
Total Nacional;Hombres;41 años;2021;58;15 Navarra, Comunidad Foral de
Total Nacional;Hombres;42 años;2021;46;15 Navarra, Comunidad Foral de
Total Nacional;Hombres;43 años;2021;50;15 Navarra, Comunidad Foral de
Total Nacional;Hombres;44 años;2021;50;15 Navarra, Comunidad Foral de
Total Nacional;Hombres;45 años;2021;27;15 Navarra, Comunidad Foral de
Total Nacional;Hombres;46 años;2021;42;15 Navarra, Comunidad Foral de
Total Nacional;Hombres;47 años;2021;30;15 Navarra, Comunidad Foral de
Total Nacional;Hombres;48 años;2021;27;15 Navarra, Comunidad Foral de
Total Nacional;Hombres;49 años;2021;23;15 Navarra, Comunidad Foral de
Total Nacional;Hombres;50 años;2021;27;15 Navarra, Comunidad Foral de
Total Nacional;Hombres;51 años;2021;17;15 Navarra, Comunidad Foral de
Total Nacional;Hombres;52 años;2021;14;15 Navarra, Comunidad Foral de
Total Nacional;Hombres;53 años;2021;12;15 Navarra, Comunidad Foral de
Total Nacional;Hombres;54 años;2021;10;15 Navarra, Comunidad Foral de
Total Nacional;Hombres;55 años;2021;8;15 Navarra, Comunidad Foral de
Total Nacional;Hombres;56 años;2021;6;15 Navarra, Comunidad Foral de
Total Nacional;Hombres;57 años;2021;9;15 Navarra, Comunidad Foral de
Total Nacional;Hombres;58 años;2021;6;15 Navarra, Comunidad Foral de
Total Nacional;Hombres;59 años;2021;6;15 Navarra, Comunidad Foral de
Total Nacional;Hombres;60 y más años;2021;49;15 Navarra, Comunidad Foral de
Total Nacional;Mujeres;18 años;2021;4;15 Navarra, Comunidad Foral de
Total Nacional;Mujeres;19 años;2021;9;15 Navarra, Comunidad Foral de
Total Nacional;Mujeres;20 años;2021;8;15 Navarra, Comunidad Foral de
Total Nacional;Mujeres;21 años;2021;5;15 Navarra, Comunidad Foral de
Total Nacional;Mujeres;22 años;2021;12;15 Navarra, Comunidad Foral de
Total Nacional;Mujeres;23 años;2021;9;15 Navarra, Comunidad Foral de
Total Nacional;Mujeres;24 años;2021;17;15 Navarra, Comunidad Foral de
Total Nacional;Mujeres;25 años;2021;22;15 Navarra, Comunidad Foral de
Total Nacional;Mujeres;26 años;2021;36;15 Navarra, Comunidad Foral de
Total Nacional;Mujeres;27 años;2021;67;15 Navarra, Comunidad Foral de
Total Nacional;Mujeres;28 años;2021;60;15 Navarra, Comunidad Foral de
Total Nacional;Mujeres;29 años;2021;81;15 Navarra, Comunidad Foral de
Total Nacional;Mujeres;30 años;2021;94;15 Navarra, Comunidad Foral de
Total Nacional;Mujeres;31 años;2021;126;15 Navarra, Comunidad Foral de
Total Nacional;Mujeres;32 años;2021;109;15 Navarra, Comunidad Foral de
Total Nacional;Mujeres;33 años;2021;95;15 Navarra, Comunidad Foral de
Total Nacional;Mujeres;34 años;2021;90;15 Navarra, Comunidad Foral de
Total Nacional;Mujeres;35 años;2021;67;15 Navarra, Comunidad Foral de
Total Nacional;Mujeres;36 años;2021;71;15 Navarra, Comunidad Foral de
Total Nacional;Mujeres;37 años;2021;68;15 Navarra, Comunidad Foral de
Total Nacional;Mujeres;38 años;2021;57;15 Navarra, Comunidad Foral de
Total Nacional;Mujeres;39 años;2021;49;15 Navarra, Comunidad Foral de
Total Nacional;Mujeres;40 años;2021;43;15 Navarra, Comunidad Foral de
Total Nacional;Mujeres;41 años;2021;40;15 Navarra, Comunidad Foral de
Total Nacional;Mujeres;42 años;2021;30;15 Navarra, Comunidad Foral de
Total Nacional;Mujeres;43 años;2021;43;15 Navarra, Comunidad Foral de
Total Nacional;Mujeres;44 años;2021;38;15 Navarra, Comunidad Foral de
Total Nacional;Mujeres;45 años;2021;32;15 Navarra, Comunidad Foral de
Total Nacional;Mujeres;46 años;2021;23;15 Navarra, Comunidad Foral de
Total Nacional;Mujeres;47 años;2021;26;15 Navarra, Comunidad Foral de
Total Nacional;Mujeres;48 años;2021;14;15 Navarra, Comunidad Foral de
Total Nacional;Mujeres;49 años;2021;12;15 Navarra, Comunidad Foral de
Total Nacional;Mujeres;50 años;2021;14;15 Navarra, Comunidad Foral de
Total Nacional;Mujeres;51 años;2021;15;15 Navarra, Comunidad Foral de
Total Nacional;Mujeres;52 años;2021;10;15 Navarra, Comunidad Foral de
Total Nacional;Mujeres;53 años;2021;10;15 Navarra, Comunidad Foral de
Total Nacional;Mujeres;54 años;2021;14;15 Navarra, Comunidad Foral de
Total Nacional;Mujeres;55 años;2021;8;15 Navarra, Comunidad Foral de
Total Nacional;Mujeres;56 años;2021;9;15 Navarra, Comunidad Foral de
Total Nacional;Mujeres;57 años;2021;4;15 Navarra, Comunidad Foral de
Total Nacional;Mujeres;58 años;2021;10;15 Navarra, Comunidad Foral de
Total Nacional;Mujeres;59 años;2021;8;15 Navarra, Comunidad Foral de
Total Nacional;Mujeres;60 y más años;2021;26;15 Navarra, Comunidad Foral de
Total Nacional;Hombres;20 años;2021;5;16 País Vasco
Total Nacional;Hombres;21 años;2021;5;16 País Vasco
Total Nacional;Hombres;22 años;2021;12;16 País Vasco
Total Nacional;Hombres;23 años;2021;14;16 País Vasco
Total Nacional;Hombres;24 años;2021;28;16 País Vasco
Total Nacional;Hombres;25 años;2021;32;16 País Vasco
Total Nacional;Hombres;26 años;2021;48;16 País Vasco
Total Nacional;Hombres;27 años;2021;66;16 País Vasco
Total Nacional;Hombres;28 años;2021;118;16 País Vasco
Total Nacional;Hombres;29 años;2021;180;16 País Vasco
Total Nacional;Hombres;30 años;2021;222;16 País Vasco
Total Nacional;Hombres;31 años;2021;218;16 País Vasco
Total Nacional;Hombres;32 años;2021;266;16 País Vasco
Total Nacional;Hombres;33 años;2021;301;16 País Vasco
Total Nacional;Hombres;34 años;2021;296;16 País Vasco
Total Nacional;Hombres;35 años;2021;287;16 País Vasco
Total Nacional;Hombres;36 años;2021;259;16 País Vasco
Total Nacional;Hombres;37 años;2021;204;16 País Vasco
Total Nacional;Hombres;38 años;2021;230;16 País Vasco
Total Nacional;Hombres;39 años;2021;196;16 País Vasco
Total Nacional;Hombres;40 años;2021;178;16 País Vasco
Total Nacional;Hombres;41 años;2021;158;16 País Vasco
Total Nacional;Hombres;42 años;2021;157;16 País Vasco
Total Nacional;Hombres;43 años;2021;140;16 País Vasco
Total Nacional;Hombres;44 años;2021;139;16 País Vasco
Total Nacional;Hombres;45 años;2021;121;16 País Vasco
Total Nacional;Hombres;46 años;2021;80;16 País Vasco
Total Nacional;Hombres;47 años;2021;104;16 País Vasco
Total Nacional;Hombres;48 años;2021;84;16 País Vasco
Total Nacional;Hombres;49 años;2021;78;16 País Vasco
Total Nacional;Hombres;50 años;2021;66;16 País Vasco
Total Nacional;Hombres;51 años;2021;55;16 País Vasco
Total Nacional;Hombres;52 años;2021;63;16 País Vasco
Total Nacional;Hombres;53 años;2021;47;16 País Vasco
Total Nacional;Hombres;54 años;2021;43;16 País Vasco
Total Nacional;Hombres;55 años;2021;33;16 País Vasco
Total Nacional;Hombres;56 años;2021;34;16 País Vasco
Total Nacional;Hombres;57 años;2021;29;16 País Vasco
Total Nacional;Hombres;58 años;2021;28;16 País Vasco
Total Nacional;Hombres;59 años;2021;34;16 País Vasco
Total Nacional;Hombres;60 y más años;2021;161;16 País Vasco
Total Nacional;Mujeres;18 años;2021;5;16 País Vasco
Total Nacional;Mujeres;19 años;2021;7;16 País Vasco
Total Nacional;Mujeres;20 años;2021;10;16 País Vasco
Total Nacional;Mujeres;21 años;2021;19;16 País Vasco
Total Nacional;Mujeres;22 años;2021;30;16 País Vasco
Total Nacional;Mujeres;23 años;2021;31;16 País Vasco
Total Nacional;Mujeres;24 años;2021;51;16 País Vasco
Total Nacional;Mujeres;25 años;2021;61;16 País Vasco
Total Nacional;Mujeres;26 años;2021;102;16 País Vasco
Total Nacional;Mujeres;27 años;2021;125;16 País Vasco
Total Nacional;Mujeres;28 años;2021;203;16 País Vasco
Total Nacional;Mujeres;29 años;2021;254;16 País Vasco
Total Nacional;Mujeres;30 años;2021;274;16 País Vasco
Total Nacional;Mujeres;31 años;2021;327;16 País Vasco
Total Nacional;Mujeres;32 años;2021;342;16 País Vasco
Total Nacional;Mujeres;33 años;2021;285;16 País Vasco
Total Nacional;Mujeres;34 años;2021;264;16 País Vasco
Total Nacional;Mujeres;35 años;2021;256;16 País Vasco
Total Nacional;Mujeres;36 años;2021;224;16 País Vasco
Total Nacional;Mujeres;37 años;2021;187;16 País Vasco
Total Nacional;Mujeres;38 años;2021;168;16 País Vasco
Total Nacional;Mujeres;39 años;2021;175;16 País Vasco
Total Nacional;Mujeres;40 años;2021;138;16 País Vasco
Total Nacional;Mujeres;41 años;2021;136;16 País Vasco
Total Nacional;Mujeres;42 años;2021;121;16 País Vasco
Total Nacional;Mujeres;43 años;2021;102;16 País Vasco
Total Nacional;Mujeres;44 años;2021;87;16 País Vasco
Total Nacional;Mujeres;45 años;2021;102;16 País Vasco
Total Nacional;Mujeres;46 años;2021;72;16 País Vasco
Total Nacional;Mujeres;47 años;2021;68;16 País Vasco
Total Nacional;Mujeres;48 años;2021;64;16 País Vasco
Total Nacional;Mujeres;49 años;2021;58;16 País Vasco
Total Nacional;Mujeres;50 años;2021;51;16 País Vasco
Total Nacional;Mujeres;51 años;2021;51;16 País Vasco
Total Nacional;Mujeres;52 años;2021;41;16 País Vasco
Total Nacional;Mujeres;53 años;2021;31;16 País Vasco
Total Nacional;Mujeres;54 años;2021;38;16 País Vasco
Total Nacional;Mujeres;55 años;2021;27;16 País Vasco
Total Nacional;Mujeres;56 años;2021;32;16 País Vasco
Total Nacional;Mujeres;57 años;2021;30;16 País Vasco
Total Nacional;Mujeres;58 años;2021;24;16 País Vasco
Total Nacional;Mujeres;59 años;2021;26;16 País Vasco
Total Nacional;Mujeres;60 y más años;2021;102;16 País Vasco
Total Nacional;Hombres;19 años;2021;2;17 Rioja, La
Total Nacional;Hombres;20 años;2021;3;17 Rioja, La
Total Nacional;Hombres;21 años;2021;4;17 Rioja, La
Total Nacional;Hombres;22 años;2021;3;17 Rioja, La
Total Nacional;Hombres;23 años;2021;5;17 Rioja, La
Total Nacional;Hombres;24 años;2021;5;17 Rioja, La
Total Nacional;Hombres;25 años;2021;4;17 Rioja, La
Total Nacional;Hombres;26 años;2021;16;17 Rioja, La
Total Nacional;Hombres;27 años;2021;11;17 Rioja, La
Total Nacional;Hombres;28 años;2021;20;17 Rioja, La
Total Nacional;Hombres;29 años;2021;18;17 Rioja, La
Total Nacional;Hombres;30 años;2021;50;17 Rioja, La
Total Nacional;Hombres;31 años;2021;52;17 Rioja, La
Total Nacional;Hombres;32 años;2021;43;17 Rioja, La
Total Nacional;Hombres;33 años;2021;40;17 Rioja, La
Total Nacional;Hombres;34 años;2021;48;17 Rioja, La
Total Nacional;Hombres;35 años;2021;54;17 Rioja, La
Total Nacional;Hombres;36 años;2021;45;17 Rioja, La
Total Nacional;Hombres;37 años;2021;44;17 Rioja, La
Total Nacional;Hombres;38 años;2021;43;17 Rioja, La
Total Nacional;Hombres;39 años;2021;31;17 Rioja, La
Total Nacional;Hombres;40 años;2021;21;17 Rioja, La
Total Nacional;Hombres;41 años;2021;24;17 Rioja, La
Total Nacional;Hombres;42 años;2021;20;17 Rioja, La
Total Nacional;Hombres;43 años;2021;17;17 Rioja, La
Total Nacional;Hombres;44 años;2021;12;17 Rioja, La
Total Nacional;Hombres;45 años;2021;16;17 Rioja, La
Total Nacional;Hombres;46 años;2021;16;17 Rioja, La
Total Nacional;Hombres;47 años;2021;12;17 Rioja, La
Total Nacional;Hombres;48 años;2021;6;17 Rioja, La
Total Nacional;Hombres;49 años;2021;9;17 Rioja, La
Total Nacional;Hombres;50 años;2021;6;17 Rioja, La
Total Nacional;Hombres;51 años;2021;8;17 Rioja, La
Total Nacional;Hombres;52 años;2021;9;17 Rioja, La
Total Nacional;Hombres;53 años;2021;2;17 Rioja, La
Total Nacional;Hombres;54 años;2021;5;17 Rioja, La
Total Nacional;Hombres;55 años;2021;1;17 Rioja, La
Total Nacional;Hombres;56 años;2021;2;17 Rioja, La
Total Nacional;Hombres;57 años;2021;5;17 Rioja, La
Total Nacional;Hombres;58 años;2021;5;17 Rioja, La
Total Nacional;Hombres;59 años;2021;3;17 Rioja, La
Total Nacional;Hombres;60 y más años;2021;13;17 Rioja, La
Total Nacional;Mujeres;18 años;2021;4;17 Rioja, La
Total Nacional;Mujeres;19 años;2021;5;17 Rioja, La
Total Nacional;Mujeres;20 años;2021;8;17 Rioja, La
Total Nacional;Mujeres;21 años;2021;2;17 Rioja, La
Total Nacional;Mujeres;22 años;2021;5;17 Rioja, La
Total Nacional;Mujeres;23 años;2021;7;17 Rioja, La
Total Nacional;Mujeres;24 años;2021;8;17 Rioja, La
Total Nacional;Mujeres;25 años;2021;14;17 Rioja, La
Total Nacional;Mujeres;26 años;2021;18;17 Rioja, La
Total Nacional;Mujeres;27 años;2021;20;17 Rioja, La
Total Nacional;Mujeres;28 años;2021;26;17 Rioja, La
Total Nacional;Mujeres;29 años;2021;57;17 Rioja, La
Total Nacional;Mujeres;30 años;2021;48;17 Rioja, La
Total Nacional;Mujeres;31 años;2021;65;17 Rioja, La
Total Nacional;Mujeres;32 años;2021;59;17 Rioja, La
Total Nacional;Mujeres;33 años;2021;53;17 Rioja, La
Total Nacional;Mujeres;34 años;2021;55;17 Rioja, La
Total Nacional;Mujeres;35 años;2021;46;17 Rioja, La
Total Nacional;Mujeres;36 años;2021;40;17 Rioja, La
Total Nacional;Mujeres;37 años;2021;26;17 Rioja, La
Total Nacional;Mujeres;38 años;2021;27;17 Rioja, La
Total Nacional;Mujeres;39 años;2021;17;17 Rioja, La
Total Nacional;Mujeres;40 años;2021;15;17 Rioja, La
Total Nacional;Mujeres;41 años;2021;19;17 Rioja, La
Total Nacional;Mujeres;42 años;2021;21;17 Rioja, La
Total Nacional;Mujeres;43 años;2021;11;17 Rioja, La
Total Nacional;Mujeres;44 años;2021;13;17 Rioja, La
Total Nacional;Mujeres;45 años;2021;6;17 Rioja, La
Total Nacional;Mujeres;46 años;2021;9;17 Rioja, La
Total Nacional;Mujeres;47 años;2021;3;17 Rioja, La
Total Nacional;Mujeres;48 años;2021;1;17 Rioja, La
Total Nacional;Mujeres;49 años;2021;2;17 Rioja, La
Total Nacional;Mujeres;50 años;2021;6;17 Rioja, La
Total Nacional;Mujeres;51 años;2021;3;17 Rioja, La
Total Nacional;Mujeres;52 años;2021;4;17 Rioja, La
Total Nacional;Mujeres;53 años;2021;6;17 Rioja, La
Total Nacional;Mujeres;54 años;2021;1;17 Rioja, La
Total Nacional;Mujeres;55 años;2021;4;17 Rioja, La
Total Nacional;Mujeres;56 años;2021;4;17 Rioja, La
Total Nacional;Mujeres;57 años;2021;2;17 Rioja, La
Total Nacional;Mujeres;58 años;2021;3;17 Rioja, La
Total Nacional;Mujeres;59 años;2021;2;17 Rioja, La
Total Nacional;Mujeres;60 y más años;2021;8;17 Rioja, La
Total Nacional;Hombres;18 años;2021;1;18 Ceuta
Total Nacional;Hombres;19 años;2021;1;18 Ceuta
Total Nacional;Hombres;20 años;2021;2;18 Ceuta
Total Nacional;Hombres;21 años;2021;4;18 Ceuta
Total Nacional;Hombres;22 años;2021;10;18 Ceuta
Total Nacional;Hombres;23 años;2021;9;18 Ceuta
Total Nacional;Hombres;24 años;2021;9;18 Ceuta
Total Nacional;Hombres;25 años;2021;8;18 Ceuta
Total Nacional;Hombres;26 años;2021;15;18 Ceuta
Total Nacional;Hombres;27 años;2021;13;18 Ceuta
Total Nacional;Hombres;28 años;2021;28;18 Ceuta
Total Nacional;Hombres;29 años;2021;19;18 Ceuta
Total Nacional;Hombres;30 años;2021;24;18 Ceuta
Total Nacional;Hombres;31 años;2021;14;18 Ceuta
Total Nacional;Hombres;32 años;2021;11;18 Ceuta
Total Nacional;Hombres;33 años;2021;13;18 Ceuta
Total Nacional;Hombres;34 años;2021;12;18 Ceuta
Total Nacional;Hombres;35 años;2021;14;18 Ceuta
Total Nacional;Hombres;36 años;2021;23;18 Ceuta
Total Nacional;Hombres;37 años;2021;14;18 Ceuta
Total Nacional;Hombres;38 años;2021;13;18 Ceuta
Total Nacional;Hombres;39 años;2021;8;18 Ceuta
Total Nacional;Hombres;40 años;2021;11;18 Ceuta
Total Nacional;Hombres;41 años;2021;4;18 Ceuta
Total Nacional;Hombres;42 años;2021;11;18 Ceuta
Total Nacional;Hombres;43 años;2021;3;18 Ceuta
Total Nacional;Hombres;44 años;2021;4;18 Ceuta
Total Nacional;Hombres;45 años;2021;3;18 Ceuta
Total Nacional;Hombres;46 años;2021;1;18 Ceuta
Total Nacional;Hombres;47 años;2021;4;18 Ceuta
Total Nacional;Hombres;48 años;2021;6;18 Ceuta
Total Nacional;Hombres;49 años;2021;4;18 Ceuta
Total Nacional;Hombres;50 años;2021;2;18 Ceuta
Total Nacional;Hombres;51 años;2021;2;18 Ceuta
Total Nacional;Hombres;52 años;2021;2;18 Ceuta
Total Nacional;Hombres;53 años;2021;1;18 Ceuta
Total Nacional;Hombres;60 y más años;2021;6;18 Ceuta
Total Nacional;Mujeres;16 años;2021;1;18 Ceuta
Total Nacional;Mujeres;18 años;2021;7;18 Ceuta
Total Nacional;Mujeres;19 años;2021;7;18 Ceuta
Total Nacional;Mujeres;20 años;2021;13;18 Ceuta
Total Nacional;Mujeres;21 años;2021;14;18 Ceuta
Total Nacional;Mujeres;22 años;2021;15;18 Ceuta
Total Nacional;Mujeres;23 años;2021;16;18 Ceuta
Total Nacional;Mujeres;24 años;2021;20;18 Ceuta
Total Nacional;Mujeres;25 años;2021;15;18 Ceuta
Total Nacional;Mujeres;26 años;2021;15;18 Ceuta
Total Nacional;Mujeres;27 años;2021;19;18 Ceuta
Total Nacional;Mujeres;28 años;2021;18;18 Ceuta
Total Nacional;Mujeres;29 años;2021;11;18 Ceuta
Total Nacional;Mujeres;30 años;2021;12;18 Ceuta
Total Nacional;Mujeres;31 años;2021;27;18 Ceuta
Total Nacional;Mujeres;32 años;2021;16;18 Ceuta
Total Nacional;Mujeres;33 años;2021;7;18 Ceuta
Total Nacional;Mujeres;34 años;2021;12;18 Ceuta
Total Nacional;Mujeres;35 años;2021;13;18 Ceuta
Total Nacional;Mujeres;36 años;2021;6;18 Ceuta
Total Nacional;Mujeres;37 años;2021;9;18 Ceuta
Total Nacional;Mujeres;38 años;2021;10;18 Ceuta
Total Nacional;Mujeres;39 años;2021;14;18 Ceuta
Total Nacional;Mujeres;40 años;2021;5;18 Ceuta
Total Nacional;Mujeres;41 años;2021;6;18 Ceuta
Total Nacional;Mujeres;42 años;2021;4;18 Ceuta
Total Nacional;Mujeres;43 años;2021;5;18 Ceuta
Total Nacional;Mujeres;44 años;2021;6;18 Ceuta
Total Nacional;Mujeres;46 años;2021;4;18 Ceuta
Total Nacional;Mujeres;47 años;2021;2;18 Ceuta
Total Nacional;Mujeres;49 años;2021;2;18 Ceuta
Total Nacional;Mujeres;50 años;2021;1;18 Ceuta
Total Nacional;Mujeres;52 años;2021;1;18 Ceuta
Total Nacional;Mujeres;53 años;2021;1;18 Ceuta
Total Nacional;Mujeres;54 años;2021;2;18 Ceuta
Total Nacional;Mujeres;55 años;2021;1;18 Ceuta
Total Nacional;Mujeres;56 años;2021;1;18 Ceuta
Total Nacional;Mujeres;57 años;2021;3;18 Ceuta
Total Nacional;Mujeres;60 y más años;2021;3;18 Ceuta
Total Nacional;Hombres;20 años;2021;2;19 Melilla
Total Nacional;Hombres;21 años;2021;1;19 Melilla
Total Nacional;Hombres;22 años;2021;2;19 Melilla
Total Nacional;Hombres;23 años;2021;6;19 Melilla
Total Nacional;Hombres;24 años;2021;9;19 Melilla
Total Nacional;Hombres;25 años;2021;12;19 Melilla
Total Nacional;Hombres;26 años;2021;11;19 Melilla
Total Nacional;Hombres;27 años;2021;19;19 Melilla
Total Nacional;Hombres;28 años;2021;11;19 Melilla
Total Nacional;Hombres;29 años;2021;18;19 Melilla
Total Nacional;Hombres;30 años;2021;19;19 Melilla
Total Nacional;Hombres;31 años;2021;14;19 Melilla
Total Nacional;Hombres;32 años;2021;16;19 Melilla
Total Nacional;Hombres;33 años;2021;11;19 Melilla
Total Nacional;Hombres;34 años;2021;14;19 Melilla
Total Nacional;Hombres;35 años;2021;14;19 Melilla
Total Nacional;Hombres;36 años;2021;10;19 Melilla
Total Nacional;Hombres;37 años;2021;10;19 Melilla
Total Nacional;Hombres;38 años;2021;6;19 Melilla
Total Nacional;Hombres;39 años;2021;5;19 Melilla
Total Nacional;Hombres;40 años;2021;7;19 Melilla
Total Nacional;Hombres;41 años;2021;2;19 Melilla
Total Nacional;Hombres;42 años;2021;6;19 Melilla
Total Nacional;Hombres;43 años;2021;4;19 Melilla
Total Nacional;Hombres;44 años;2021;2;19 Melilla
Total Nacional;Hombres;45 años;2021;1;19 Melilla
Total Nacional;Hombres;46 años;2021;1;19 Melilla
Total Nacional;Hombres;48 años;2021;3;19 Melilla
Total Nacional;Hombres;49 años;2021;1;19 Melilla
Total Nacional;Hombres;51 años;2021;1;19 Melilla
Total Nacional;Hombres;53 años;2021;3;19 Melilla
Total Nacional;Hombres;54 años;2021;1;19 Melilla
Total Nacional;Hombres;55 años;2021;1;19 Melilla
Total Nacional;Hombres;57 años;2021;1;19 Melilla
Total Nacional;Hombres;60 y más años;2021;2;19 Melilla
Total Nacional;Mujeres;18 años;2021;2;19 Melilla
Total Nacional;Mujeres;19 años;2021;7;19 Melilla
Total Nacional;Mujeres;20 años;2021;7;19 Melilla
Total Nacional;Mujeres;21 años;2021;11;19 Melilla
Total Nacional;Mujeres;22 años;2021;13;19 Melilla
Total Nacional;Mujeres;23 años;2021;12;19 Melilla
Total Nacional;Mujeres;24 años;2021;16;19 Melilla
Total Nacional;Mujeres;25 años;2021;22;19 Melilla
Total Nacional;Mujeres;26 años;2021;17;19 Melilla
Total Nacional;Mujeres;27 años;2021;21;19 Melilla
Total Nacional;Mujeres;28 años;2021;13;19 Melilla
Total Nacional;Mujeres;29 años;2021;15;19 Melilla
Total Nacional;Mujeres;30 años;2021;7;19 Melilla
Total Nacional;Mujeres;31 años;2021;17;19 Melilla
Total Nacional;Mujeres;32 años;2021;12;19 Melilla
Total Nacional;Mujeres;33 años;2021;14;19 Melilla
Total Nacional;Mujeres;34 años;2021;12;19 Melilla
Total Nacional;Mujeres;35 años;2021;3;19 Melilla
Total Nacional;Mujeres;36 años;2021;10;19 Melilla
Total Nacional;Mujeres;37 años;2021;4;19 Melilla
Total Nacional;Mujeres;38 años;2021;1;19 Melilla
Total Nacional;Mujeres;39 años;2021;3;19 Melilla
Total Nacional;Mujeres;40 años;2021;3;19 Melilla
Total Nacional;Mujeres;41 años;2021;5;19 Melilla
Total Nacional;Mujeres;42 años;2021;4;19 Melilla
Total Nacional;Mujeres;43 años;2021;2;19 Melilla
Total Nacional;Mujeres;44 años;2021;3;19 Melilla
Total Nacional;Mujeres;45 años;2021;1;19 Melilla
Total Nacional;Mujeres;46 años;2021;1;19 Melilla
Total Nacional;Mujeres;49 años;2021;2;19 Melilla
Total Nacional;Mujeres;50 años;2021;1;19 Melilla
Total Nacional;Mujeres;54 años;2021;2;19 Melilla
Total Nacional;Mujeres;60 y más años;2021;1;19 Melilla
